Nombre;Puntuación;Precio;Estrellas;Direccion
Eurostars Zaragoza;8,4;€ 56;4;Zaragoza
VTZ Hotel El Príncipe;8,0;€ 65;3;Centro histórico, Zaragoza
Exe Zaragoza WTC;8,8;€ 64;3;Zaragoza
Exe Boston;8,3;€ 60;4;Centro histórico, Zaragoza
NH Ciudad de Zaragoza;8,6;€ 58;4;Centro histórico, Zaragoza
Exe Plaza Delicias;8,6;€ 61;3;Delicias, Zaragoza
Hotel Gran Via;8,2;€ 58;3;Centro, Zaragoza
Hotel Diagonal Plaza;8,7;€ 63;4;Zaragoza
Hostal Puente de Piedra;8,3;€ 35;3;Zaragoza
NH Collection Gran Hotel de Zaragoza;8,8;€ 83;4;Centro histórico, Zaragoza
Eurostars Rey Fernando;8,6;€ 60;4;Zaragoza
NH Sport;8,3;€ 44;3;Delicias, Zaragoza
Sercotel Plaza Feria;8,4;€ 61;4;Zaragoza
VTZ The Orus Factory Hotel - Parking Muy Económico;7,9;€ 52;2;Delicias, Zaragoza
Hotel Oriente;8,5;€ 75;3;Centro histórico, Zaragoza
Silken Reino de Aragón;8,7;€ 105;4;Centro histórico, Zaragoza
U Hotel Villa-Gomá;8,4;€ 70;3;Romareda, Zaragoza
VTZ Hotel San Valero;8,4;€ 59;2;Centro histórico, Zaragoza
Hotel Hispania;8,0;€ 63;2;Centro histórico, Zaragoza
Hotel Don Jaime 54;8,4;€ 59;3;Centro histórico, Zaragoza
Hotel Zentral Ave;8,8;€ 87;4;Zaragoza
Hotel Inca;8,7;€ 65;3;Centro histórico, Zaragoza
B&B HOTEL Zaragoza Royal;7,5;€ 58;3;Centro, Zaragoza
VTZ The Botanic Hostel;7,5;€ 23;0;Centro histórico, Zaragoza
Hotel Hiberus;8,6;€ 98;4;Zaragoza
Hotel Delicias;7,8;€ 60;2;Delicias, Zaragoza
Hotel Pilar Plaza;8,1;€ 65;3;Centro histórico, Zaragoza
Hotel YIT Ciudad De Zaragoza;7,7;€ 56;3;Zaragoza
Hotel Reina Petronila;8,6;€ 142;5;Romareda, Zaragoza
Hesperia Zaragoza Centro;8,2;€ 63;3;Centro histórico, Zaragoza
Hotel Avenida;8,4;€ 81;3;Centro histórico, Zaragoza
Hostal Arenal;7,2;€ 38;3;Romareda, Zaragoza
Aparthotel Los Girasoles;8,8;€ 86;4;Centro histórico, Zaragoza
VTZ Hotel Plaza España;8,3;€ 60;2;Centro histórico, Zaragoza
Hotel Goya;7,9;€ 72;4;Centro histórico, Zaragoza
Hostal Castilla;6,7;€ 30;0;Romareda, Zaragoza
Catalonia El Pilar;9,0;€ 100;4;Centro histórico, Zaragoza
Hotel Alfonso;8,6;€ 124;4;Centro histórico, Zaragoza
Hotel Rio Arga;8,0;€ 55;2;Centro histórico, Zaragoza
Vincci Zaragoza Zentro;8,6;€ 110;4;Centro histórico, Zaragoza
B&B HOTEL Zaragoza Los Enlaces Estación;8,5;€ 60;4;Zaragoza
Hostal Cumbre;8,1;€ 39;0;Zaragoza
B&B HOTEL Zaragoza Plaza Mozart;8,1;€ 56;0;Zaragoza
Hotel Cogullada;7,2;€ 60;2;Zaragoza
Hotel Paris Centro;5,4;€ 48;2;Centro histórico, Zaragoza
Hotel Sauce;9,0;€ 63;2;Centro histórico, Zaragoza
Hostal Plaza Boutique - Solo adultos;8,7;€ 81;0;Centro histórico, Zaragoza
Hotel Tibur;8,0;€ 77;3;Centro histórico, Zaragoza
Casa Palacio de los Sitios;8,7;€ 75;4;Centro histórico, Zaragoza
Hostal San Jorge;8,3;€ 44;1;Centro histórico, Zaragoza
Ibis Styles Zaragoza Centro;8,3;€ 62;3;Centro histórico, Zaragoza
INNSiDE by Meliá Zaragoza;8,7;€ 115;4;Centro histórico, Zaragoza
Silken Casa Platerias Siglo XV;8,9;€ 90;4;Centro histórico, Zaragoza
Hotel El Cisne;8,0;€ 52;3;Zaragoza
B&B HOTEL Zaragoza Centro;8,4;€ 72;2;Arrabal, Zaragoza
Cesaraugusta;7,9;€ 61;3;Centro, Zaragoza
Hotel & Spa Real Ciudad De Zaragoza;8,2;€ 68;4;Zaragoza
Precioso piso-apartamento en barrio de Zaragoza;8,0;€ 61;3;Zaragoza
PENSION MIRAFLORES;7,7;€ 40;0;Centro, Zaragoza
Ilunion Romareda;8,8;€ 259;4;Romareda, Zaragoza
VALERIA-DREAMS Loscos 3º;8,8;€ 116;3;Centro histórico, Zaragoza
Apartamentos Zaragoza Gran Vía 3000;9,0;€ 120;4;Centro, Zaragoza
VALERIA-DREAMS Maestro Luna 3º;8,2;€ 116;4;Centro histórico, Zaragoza
VALERIA DREAMS - Maestro Luna 4º;8,8;€ 116;3;Centro histórico, Zaragoza
Apartamento con Jacuzzi El Rincón de las Delicias;9,6;€ 133;4;Zaragoza
EXCLUSIVO TAPAS EL TUBO CHECKIN 24H Centro 1;9,4;€ 110;4;Centro histórico, Zaragoza
Atico Centro Sol y Vistas;9,4;€ 157;4;Centro histórico, Zaragoza
VALERIA-DREAMS Loscos;8,2;€ 116;3;Centro histórico, Zaragoza
Hotel Palafox;8,6;€ 117;5;Centro histórico, Zaragoza
CHECK-IN 24H NUEVO Único WIFI FAMILIAR Centro Planta 3;9,2;€ 119;4;Centro histórico, Zaragoza
Check-in 24H PLAZA ESPAÑA AMPLIO Centro planta 4;9,1;€ 111;4;Centro histórico, Zaragoza
Piso en el Centro de Zaragoza, Parking GRATIS, Check-in 24h;6,2;€ 129;3;Centro histórico, Zaragoza
Ático mejores vistas al Pilar jacuzzi y garaje;9,2;€ 284;4;Zaragoza
La Parada de la Estacion con parking;9,4;€ 198;4;Delicias, Zaragoza
Apartamento Zaragoza Centro;7,9;€ 245;4;Delicias, Zaragoza
