Nombre;Puntuación;Precio;Estrellas;Llaves;Direccion
Vertice Sevilla;8.2;62 €;4 estrellas;0 llaves;Sevilla
Virgen de los Reyes Affiliated by Senator;8.4;85 €;4 estrellas;0 llaves;Sevilla
Hotel Sevilla Center;9;114 €;4 estrellas;0 llaves;Sevilla
abba Sevilla Hotel;8.8;168 €;4 estrellas;0 llaves;Sevilla
Macià Sevilla Kubb;8.6;84 €;4 estrellas;0 llaves;Sevilla
Vértice Sevilla Aljarafe;8.8;51 €;4 estrellas;0 llaves;Bormujos
Hotel YIT Via Sevilla Mairena;7.9;61 €;4 estrellas;0 llaves;Mairena del Aljarafe
Manolo Mayo;8.4;59 €;4 estrellas;0 llaves;Los Palacios y Villafranca
Hotel Abades Benacazon;8;52 €;4 estrellas;0 llaves;Benacazón
Hostel One Catedral;7.8;18 €;2 estrellas;0 llaves;Sevilla
Domocenter Apartamentos Turísticos;7.6;37 €;0 estrellas;3 llaves;Bormujos
Apartamentos Vértice Sevilla Aljarafe;8.3;51 €;0 estrellas;3 llaves;Bormujos
Don Paco;8;67 €;3 estrellas;0 llaves;Sevilla
Exe Gran Hotel Solúcar;8.1;43 €;4 estrellas;0 llaves;Sanlúcar la Mayor
Exe Sevilla Macarena;8;79 €;4 estrellas;0 llaves;Sevilla
Alcazar De La Reina;8.8;61 €;4 estrellas;0 llaves;Carmona
Catalonia Giralda;9.2;108 €;4 estrellas;0 llaves;Sevilla
El Ancla;7.7;30 €;2 estrellas;0 llaves;Alcalá del Río
The Nomad Hostel;8.7;18 €;2 estrellas;0 llaves;Sevilla
Hotel Infanta Leonor;9;97 €;4 estrellas;0 llaves;Écija
Ilunion Alcora Sevilla;8.1;67 €;4 estrellas;0 llaves;San Juan de Aznalfarache
Hotel Sol Sanlucar;7.5;49 €;3 estrellas;0 llaves;Sanlúcar la Mayor
Sevilla Kitsch Hostel Art;7.1;20 €;2 estrellas;0 llaves;Sevilla
La Casona de Calderon;7.5;60 €;4 estrellas;0 llaves;Osuna
Las Casas De La Judería Sevilla;8.3;117 €;4 estrellas;0 llaves;Sevilla
Hotel Veracruz;8.9;62 €;3 estrellas;0 llaves;Utrera
Platería;8.2;53 €;2 estrellas;0 llaves;Écija
Apartamentos Turisticos La Terraza;8.3;66 €;0 estrellas;3 llaves;Las Cabezas de San Juan
La Flamenka Hostel;8.2;16 €;2 estrellas;0 llaves;Sevilla
Catalonia Santa Justa;9;77 €;4 estrellas;0 llaves;Sevilla
Hotel Palacio del Marqués de la Gomera;8.8;80 €;4 estrellas;0 llaves;Osuna
CoolRooms Palacio Villapanés 5 GL;9.2;349 €;5 estrellas;0 llaves;Sevilla
Posada Pilatos;9.4;149 €;0 estrellas;4 llaves;Sevilla
Énfasis Hotel;10;53 €;2 estrellas;0 llaves;El Cuervo de Sevilla
Apartamentos Singular Pilatos;7.8;89 €;0 estrellas;3 llaves;Sevilla
Fernando III;9.3;127 €;4 estrellas;0 llaves;Sevilla
Hotel Colón Gran Meliá;9.1;333 €;5 estrellas;0 llaves;Sevilla
El Rincon de las Descalzas;8.1;49 €;3 estrellas;0 llaves;Carmona
La Casa del Duque;8.3;75 €;3 estrellas;0 llaves;Osuna
Casa Palacio La Casa Blanca;9.6;148 €;0 estrellas;4 llaves;Sevilla
Hotel ELE Santa Bárbara Sevilla;8.9;56 €;2 estrellas;0 llaves;Castilleja de la Cuesta
Itaca Boutique Artemisa;8.9;78 €;3 estrellas;0 llaves;Sevilla
Hotel M.A. Sevilla Congresos;8.9;65 €;4 estrellas;0 llaves;Sevilla
Pensión Pérez Montilla;7.8;42 €;2 estrellas;0 llaves;Sevilla
Pension Azahar;7.1;45 €;2 estrellas;0 llaves;Sevilla
Slow Suites Setas;8.6;102 €;0 estrellas;4 llaves;Sevilla
Acetres 5;8.6;83 €;0 estrellas;4 llaves;Sevilla
Black Swan Hostel Sevilla;8.6;22 €;2 estrellas;0 llaves;Sevilla
Rey Alfonso X;9.2;119 €;4 estrellas;0 llaves;Sevilla
Hotel Barrio Nuevo;8.8;55 €;2 estrellas;0 llaves;Lebrija
Hostel A2C;7.6;18 €;2 estrellas;0 llaves;Sevilla
Hacienda De Oran;8.5;135 €;4 estrellas;0 llaves;Utrera
Novotel Sevilla;8.7;101 €;4 estrellas;0 llaves;Sevilla
Barceló Sevilla Renacimiento;8.7;128 €;5 estrellas;0 llaves;Sevilla
Pasarela;8;70 €;4 estrellas;0 llaves;Sevilla
San Pablo;8.1;53 €;3 estrellas;0 llaves;Sevilla
Goya;8.6;54 €;2 estrellas;0 llaves;Sevilla
Petit Palace Santa Cruz;8.6;154 €;4 estrellas;0 llaves;Sevilla
Meliá Sevilla;9.2;135 €;4 estrellas;0 llaves;Sevilla
Hostal Don Julio;9.2;63 €;2 estrellas;0 llaves;Sanlúcar la Mayor
Singular Virgenes;7.8;125 €;0 estrellas;3 llaves;Sevilla
Cortijo Torre de la Reina;8.9;103 €;3 estrellas;0 llaves;Torre de la Reina
Hotel Vía Sevilla Cádiz Alojamiento Y Restaurante;8.1;40 €;1 estrellas;0 llaves;El Cuervo de Sevilla
Meliá Lebreros;9.3;133 €;4 estrellas;0 llaves;Sevilla
Don Juan;8.5;60 €;2 estrellas;0 llaves;El Coronil
Overland Suites Catedral;8.9;128 €;0 estrellas;4 llaves;Sevilla
Abanico;8.4;113 €;3 estrellas;0 llaves;Sevilla
ibis Styles Sevilla Santa Justa;8.7;80 €;3 estrellas;0 llaves;Sevilla
YIT Vereda Real;8.1;55 €;4 estrellas;0 llaves;Valencina de la Concepción
Apartamentos Metropolis;8.8;91 €;0 estrellas;4 llaves;Sevilla
Aguilas5 SevillaSuites;9.4;183 €;0 estrellas;4 llaves;Sevilla
Hotel Servilia;8.2;70 €;2 estrellas;0 llaves;Carmona
Hotel Doña Blanca;8.3;73 €;2 estrellas;0 llaves;Sevilla
Doña Manuela;8.9;95 €;2 estrellas;0 llaves;Sevilla
Alcántara;8.6;77 €;2 estrellas;0 llaves;Sevilla
Hostal Albero By Eme Hoteles;7.8;69 €;2 estrellas;0 llaves;Sanlúcar la Mayor
Baco;7.3;68 €;2 estrellas;0 llaves;Sevilla
Rey Don Pedro Luxury Home;8.9;125 €;3 estrellas;0 llaves;Sevilla
Amadeus;9.3;299 €;4 estrellas;0 llaves;Sevilla
Pensión Javier;5.8;27 €;1 estrellas;0 llaves;Sevilla
Eurostars Sevilla Boutique;9.2;156 €;4 estrellas;0 llaves;Sevilla
Alcazar;6.6;70 €;3 estrellas;0 llaves;Sevilla
Casa Sevilla 1855 Suites by Época;8.9;145 €;0 estrellas;4 llaves;Sevilla
Simón Verde Hotel Apartamentos;7.5;55 €;0 estrellas;3 llaves;Mairena del Aljarafe
Apartamentos Boutique Vida;8;101 €;0 estrellas;3 llaves;Sevilla
Un Patio en Santa Cruz;8;97 €;2 estrellas;0 llaves;Sevilla
MDD4 Health Experience Hotel;9;100 €;2 estrellas;0 llaves;Sevilla
Hospes Las Casas del Rey de Baeza;8.9;412 €;4 estrellas;0 llaves;Sevilla
Plaza Santa Lucia;9.1;73 €;3 estrellas;0 llaves;Sevilla
Catalonia Hispalis;8.2;57 €;3 estrellas;0 llaves;Sevilla
Zenit Sevilla;9.4;107 €;4 estrellas;0 llaves;Sevilla
Casual Sevilla de las Letras;8.7;68 €;2 estrellas;0 llaves;Sevilla
NH Collection Sevilla;9;126 €;4 estrellas;0 llaves;Sevilla
Hotel Cetina Sevilla;9.2;111 €;4 estrellas;0 llaves;Sevilla
Parador de Carmona;9;98 €;4 estrellas;0 llaves;Carmona
Holiday Rentals Tempa Museo;8.3;84 €;0 estrellas;4 llaves;Sevilla
Hotel Giralda Center;9.1;160 €;4 estrellas;0 llaves;Sevilla
Only YOU Hotel Sevilla;9.5;188 €;5 estrellas;0 llaves;Sevilla
Vincci Selección Unuk 5* GL;9;264 €;5 estrellas;0 llaves;Sevilla
Los Salados Holiday Rentals;8.9;81 €;0 estrellas;4 llaves;Sevilla
Hostal Sevilla Santa Justa;8.6;58 €;1 estrellas;0 llaves;Sevilla
Lince;8.6;46 €;1 estrellas;0 llaves;Aznalcázar
Hotel Casa del Poeta;9.3;393 €;4 estrellas;0 llaves;Sevilla
Ítaca Sevilla;8.2;108 €;3 estrellas;0 llaves;Sevilla
H10 Casa de la Plata;9.3;232 €;4 estrellas;0 llaves;Sevilla
Hacienda Olontigi;8.2;48 €;0 estrellas;0 llaves;Aznalcázar
Posada Del Lucero;9.3;137 €;4 estrellas;0 llaves;Sevilla
Hostal Bar Mellizo;8.4;37 €;1 estrellas;0 llaves;Lebrija
Hotel Ciudad Del Sol;8.2;67 €;3 estrellas;0 llaves;Écija
Singular Metropol;8.5;104 €;0 estrellas;3 llaves;Sevilla
On Suites Sevilla;8.4;94 €;0 estrellas;4 llaves;Sevilla
Reservaloen Plaza del Salvador;8;115 €;0 estrellas;3 llaves;Sevilla
NH Sevilla Plaza de Armas;9;148 €;4 estrellas;0 llaves;Sevilla
Hotel Boutique Palacio Pinello;8.8;194 €;4 estrellas;0 llaves;Sevilla
Palacio Alcazar;8.5;143 €;4 estrellas;0 llaves;Sevilla
Basic Hotel Puerta de Sevilla;8.3;98 €;1 estrellas;0 llaves;Sevilla
Cool Sevilla Hotel;8;55 €;2 estrellas;0 llaves;Sevilla
Eurostars Torre Sevilla;8.2;121 €;5 estrellas;0 llaves;Sevilla
Casa Quintero Apartments;8.5;157 €;0 estrellas;4 llaves;Sevilla
Slow Suites Maestranza;8.4;110 €;0 estrellas;4 llaves;Sevilla
Apartamentos Sevilla Palace;8.5;85 €;0 estrellas;3 llaves;Sevilla
Silken Al-Andalus Palace;8.6;223 €;4 estrellas;0 llaves;Sevilla
Hotel Palacio de San Fernando;8.9;67 €;3 estrellas;0 llaves;Utrera
Hesperia Sevilla;8.5;126 €;4 estrellas;0 llaves;Sevilla
Ardea Purpurea;8.9;80 €;4 estrellas;0 llaves;Villamanrique de la Condesa
Leflet Valme;8.7;79 €;3 estrellas;0 llaves;Dos Hermanas
Hotel Bécquer;9;121 €;4 estrellas;0 llaves;Sevilla
Duquesa Hotel;7.8;50 €;3 estrellas;0 llaves;Sevilla
Pension Santa Maria La Blanca;3.5;69 €;2 estrellas;0 llaves;Sevilla
Eurostars Guadalquivir;9.3;102 €;4 estrellas;0 llaves;Sevilla
Ribera de Triana;8.8;105 €;4 estrellas;0 llaves;Sevilla
Dona Maria;8.6;150 €;4 estrellas;0 llaves;Sevilla
Pensión Vergara;5.8;32 €;1 estrellas;0 llaves;Sevilla
Occidental Sevilla Viapol;9;115 €;4 estrellas;0 llaves;Sevilla
Hoteles Del Sur;8.3;62 €;0 estrellas;3 llaves;Sevilla
Hotel Leflet Sanlúcar;8.1;48 €;3 estrellas;0 llaves;Sanlúcar la Mayor
Apartamentos Luxsevilla Palacio;6.8;60 €;0 estrellas;3 llaves;Sevilla
Apartamentos Magna Sevilla;7.5;75 €;0 estrellas;3 llaves;Sevilla
La Casa del Maestro;9.1;84 €;1 estrellas;0 llaves;Sevilla
Exe Sevilla Palmera;8.5;64 €;4 estrellas;0 llaves;Sevilla
Convento La Gloria;8.1;118 €;3 estrellas;0 llaves;Sevilla
Casa Bailén Apartamentos;9.4;141 €;0 estrellas;4 llaves;Sevilla
Apartamentos Santiago by OYO Rooms;8.6;58 €;2 estrellas;0 llaves;Écija
Casa Romana Hotel Boutique;9;100 €;4 estrellas;0 llaves;Sevilla
Sercotel Las Casas de los Mercaderes;8.7;134 €;3 estrellas;0 llaves;Sevilla
Hostal Santa Catalina;8.1;55 €;1 estrellas;0 llaves;Sevilla
EME Catedral Mercer;8.2;183 €;5 estrellas;0 llaves;Sevilla
Ritual Sevilla Suites - Centro Historico;8.6;149 €;0 estrellas;4 llaves;Sevilla
Halo Boutique Hotel;8.5;152 €;4 estrellas;0 llaves;Sevilla
Iberflat Vega de Triana;8.4;80 €;0 estrellas;3 llaves;Camas
Hotel Plaza Sevilla;8.1;56 €;3 estrellas;0 llaves;Sevilla
U-Sense Sevilla Centro;9.4;96 €;3 estrellas;0 llaves;Sevilla
Monte Carmelo;9.5;96 €;4 estrellas;0 llaves;Sevilla
Sevilla Central Suites Apartamentos;9.3;163 €;0 estrellas;4 llaves;Sevilla
El Rey Moro Hotel;8.9;375 €;4 estrellas;0 llaves;Sevilla
Fontecruz Sevilla Seises;8.4;206 €;4 estrellas;0 llaves;Sevilla
Casa Senorial Del Siglo XVIII;9;122 €;0 estrellas;4 llaves;Sevilla
Pierre & Vacances Sevilla;8.7;95 €;0 estrellas;4 llaves;Sevilla
Casa Alhaja By Shiadu;9.2;202 €;3 estrellas;0 llaves;Sevilla
Hotel Boutique Casas de Santa Cruz;8;118 €;3 estrellas;0 llaves;Sevilla
Hostal San Francisco;8.5;222 €;1 estrellas;0 llaves;Sevilla
Abril;9;82 €;2 estrellas;0 llaves;Sevilla
Legado Oromana Hotel;6.3;43 €;3 estrellas;0 llaves;Alcalá de Guadaira
San Gil;7.4;87 €;4 estrellas;0 llaves;Sevilla
Casa Gloria Apartments;9.2;128 €;0 estrellas;4 llaves;Sevilla
Palace Sevilla;8.2;78 €;3 estrellas;0 llaves;Sevilla
Murillo Hotel;8.4;98 €;2 estrellas;0 llaves;Sevilla
Sevilla 1920 Suites;9;94 €;0 estrellas;4 llaves;Sevilla
La Hostería de Doña Lina;8.7;71 €;2 estrellas;0 llaves;Sevilla
America;8.7;145 €;4 estrellas;0 llaves;Sevilla
Soho Boutique Catedral;9.1;143 €;4 estrellas;0 llaves;Sevilla
Elvira Plaza;8.2;115 €;3 estrellas;0 llaves;Sevilla
Ocean Drive Sevilla;8.8;119 €;4 estrellas;0 llaves;Sevilla
Joya del Casco Boutique Hotel;9.2;183 €;3 estrellas;0 llaves;Sevilla
B&b Hotel Sevilla Bormujos;8.8;62 €;2 estrellas;0 llaves;Bormujos
Murillo Hotel & Apartamentos;8.8;88 €;0 estrellas;0 llaves;Sevilla
Casa Palacio Don Pedro;8.7;62 €;1 estrellas;0 llaves;Sevilla
Oak & Sandstone;9;188 €;0 estrellas;4 llaves;Sevilla
Hostal Lis;7.5;45 €;1 estrellas;0 llaves;Sevilla
Hotel H28 Camas;7;53 €;3 estrellas;0 llaves;Camas
Welldone Cathedral;8.3;162 €;0 estrellas;3 llaves;Sevilla
Welldone Metropol;8.1;94 €;1 estrellas;0 llaves;Sevilla
B&b Hotel Écija;9.2;62 €;3 estrellas;0 llaves;Écija
Petit Palace Marqués Santa Ana;8.8;158 €;4 estrellas;0 llaves;Sevilla
Nqn Aparts & Suites Sevilla;9.5;247 €;0 estrellas;4 llaves;Sevilla
The Zentral Plaza De Armas;9;129 €;0 estrellas;4 llaves;Sevilla
Mercer Plaza Sevilla 5 GL;9.1;295 €;5 estrellas;0 llaves;Sevilla
Leflet Gran Avenida;8;70 €;1 estrellas;0 llaves;Coria del Río
Apartamento El Museo Écija;9.8;63 €;0 estrellas;0 llaves;Écija
Urban Cube Hostel Sevilla;8.8;35 €;0 estrellas;0 llaves;Sevilla
Intelier Casa de Indias Hotel;9.2;140 €;4 estrellas;0 llaves;Sevilla
Hilton Garden Inn Sevilla;8.9;96 €;4 estrellas;0 llaves;Sevilla
Hotel Cervantes;8.7;110 €;4 estrellas;0 llaves;Sevilla
Casa del Pozo Santo;8.1;116 €;0 estrellas;3 llaves;Sevilla
Posada Pilatos;9.5;155 €;0 estrellas;0 llaves;Sevilla
TRH La Motilla Business & Cultural Hotel;8.4;96 €;4 estrellas;0 llaves;Dos Hermanas
Suites Machado;9.4;205 €;0 estrellas;0 llaves;Sevilla
Apartamento Puerta Carmona;9.5;708 €;0 estrellas;0 llaves;Sevilla
Hotel Rural Hoyo Bautista;8.9;50 €;0 estrellas;0 llaves;Martín de la Jara
Derby;8.8;103 €;3 estrellas;0 llaves;Sevilla
Ritual Sevilla Suites;8.4;113 €;0 estrellas;3 llaves;Sevilla
Mairena;7.9;49 €;2 estrellas;0 llaves;Mairena del Alcor
Catedral Boutique;8;65 €;2 estrellas;0 llaves;Sevilla
Lirium Casa Patio;9.2;76 €;0 estrellas;0 llaves;Sevilla
Casa Rural Sierra Morena;9.3;90 €;0 estrellas;0 llaves;Cazalla de la Sierra
Vincci La Rábida;8.9;176 €;4 estrellas;0 llaves;Sevilla
Apartahotel Sevilla Salado;7.7;60 €;3 estrellas;0 llaves;Sevilla
Isg Apartments La Florida;9.2;156 €;0 estrellas;0 llaves;Sevilla
Sevilla Home Center Suites;9.4;173 €;0 estrellas;4 llaves;Sevilla
Welldone Sierpes Boutique;8.7;75 €;1 estrellas;0 llaves;Sevilla
Vista Corral Del Conde;9.2;112 €;0 estrellas;0 llaves;Sevilla
Hotel Kivir;9.7;162 €;4 estrellas;0 llaves;Sevilla
Samay Hostel;8.6;24 €;0 estrellas;0 llaves;Sevilla
Hotel Torre de los Guzmanes;7.6;56 €;3 estrellas;0 llaves;La Algaba
Hotel Bellavista Sevilla;7.2;71 €;4 estrellas;0 llaves;Sevilla
La Casa Del Conde - Un Alojamiento único En Écija;9.1;99 €;0 estrellas;0 llaves;Écija
Pórtico Del Azahín;9;17 €;0 estrellas;0 llaves;Cazalla de la Sierra
Petit Palace Puerta de Triana;8.8;111 €;3 estrellas;0 llaves;Sevilla
Inglaterra;9.5;143 €;4 estrellas;0 llaves;Sevilla
Hotel Tayko Sevilla;9.3;153 €;4 estrellas;0 llaves;Sevilla
Tu Rincón Sevillano;9;104 €;0 estrellas;0 llaves;Sevilla
Patio Rialto Apartment;9;150 €;0 estrellas;0 llaves;Sevilla
Apartamento Entero A 10 Minutos En Coche De Sevilla Centro;9;124 €;0 estrellas;0 llaves;Camas
Hotel Sevilla;8.1;62 €;2 estrellas;0 llaves;Sevilla
Apartamentos Vértice Bib-Rambla;9.2;63 €;0 estrellas;2 llaves;Sevilla
Hotel Casa De Colon;8.2;140 €;3 estrellas;0 llaves;Sevilla
Radisson Collection Hotel Magdalena Plaza Sevilla;9;261 €;5 estrellas;0 llaves;Sevilla
Hostal Alcobia;5.2;33 €;0 estrellas;0 llaves;Sevilla
Soho Boutique Sevilla;8.4;103 €;3 estrellas;0 llaves;Sevilla
Doña Lola;8.5;60 €;2 estrellas;0 llaves;Sevilla
Monte Triana;9.5;114 €;4 estrellas;0 llaves;Sevilla
Mare Hotel;7.2;97 €;4 estrellas;0 llaves;Dos Hermanas
Apartamento El Teatro;8.6;85 €;0 estrellas;0 llaves;Écija
Apartamento Chic Centro;8.6;99 €;0 estrellas;0 llaves;Dos Hermanas
Atico Caleria Con Vistas A La Giralda;8.6;110 €;0 estrellas;0 llaves;Sevilla
Sevilla Centro Histórico Cerca Estación Ave;8.6;204 €;0 estrellas;0 llaves;Sevilla
Paraná Center Apartment;8.6;120 €;0 estrellas;0 llaves;Sevilla
Alojamiento Seda;8.6;63 €;0 estrellas;0 llaves;Alcalá de Guadaira
H10 Corregidor Boutique Hotel;9;127 €;3 estrellas;0 llaves;Sevilla
Nine O Clock San Agustin;8.5;132 €;0 estrellas;0 llaves;Sevilla
Triana Apartahotel;8.4;64 €;3 estrellas;0 llaves;Sevilla
Apartamento El Salón;8.5;85 €;0 estrellas;0 llaves;Écija
Abreu Suites;9.2;124 €;0 estrellas;4 llaves;Sevilla
Porcel Torneo;8.3;97 €;4 estrellas;0 llaves;Sevilla
Legado Alcázar;9.1;194 €;4 estrellas;0 llaves;Sevilla
Alojamiento Lanza En El CorazÓn De Sevilla;8.4;150 €;0 estrellas;0 llaves;Sevilla
Terrazas De La Catedral;8.4;129 €;0 estrellas;3 llaves;Sevilla
Hostal La Muralla;7.4;52 €;1 estrellas;0 llaves;Sevilla
Basic Hotel Sevilla Catedral;8.7;88 €;1 estrellas;0 llaves;Sevilla
Querencia de Sevilla, Autograph Collection;9.5;232 €;4 estrellas;0 llaves;Sevilla
Hotel Alfonso XIII, a Luxury Collection Hotel, Sevilla;9.1;532 €;5 estrellas;0 llaves;Sevilla
El Corral de San Jose by Singular Apartments;5.7;121 €;0 estrellas;3 llaves;Sevilla
Casa Rural La Plazuela;8;45 €;0 estrellas;0 llaves;Cazalla de la Sierra
Apartamentos Doña Lola;7.2;69 €;0 estrellas;2 llaves;Sevilla
Pensión Montoreña;7.5;30 €;0 estrellas;0 llaves;Sevilla
Tourist House Casa Pilatos;8;560 €;0 estrellas;0 llaves;Sevilla
Zaida;8.5;90 €;3 estrellas;0 llaves;Sevilla
Casona de San Andrés;8.3;124 €;3 estrellas;0 llaves;Sevilla
Las Casas de El Arenal;8.6;152 €;4 estrellas;0 llaves;Sevilla
Very Nice Apartament. City Center. Private Parking;8.7;108 €;0 estrellas;0 llaves;Sevilla
Leon Centro Apartment;8.1;90 €;0 estrellas;0 llaves;Sevilla
Alojamientos El Carmen;7.7;80 €;0 estrellas;0 llaves;Écija
Eurostars Regina;8.6;125 €;3 estrellas;0 llaves;Sevilla
Hotel Ateneo Sevilla;9;198 €;4 estrellas;0 llaves;Sevilla
Welldone Quality-Crystal Pool;8.5;78 €;2 estrellas;0 llaves;Sevilla
Santa Catalina Center Apartment;7.9;100 €;0 estrellas;0 llaves;Sevilla
Exe Isla Cartuja;8.2;71 €;4 estrellas;0 llaves;Sevilla
Isg Apartments Mezquita 5;7.9;197 €;0 estrellas;0 llaves;Sevilla
Sercotel Sevilla Guadalquivir Suites;8.6;119 €;4 estrellas;0 llaves;Sevilla
Apartamento Civitas;8.6;85 €;0 estrellas;0 llaves;Écija
Numa Seville Jondo;8.9;171 €;0 estrellas;0 llaves;Sevilla
Pensión Catedral;7.1;40 €;0 estrellas;0 llaves;Sevilla
Apartamentos Los Angeles;8.5;144 €;0 estrellas;3 llaves;Sevilla
San Esteban Adg;7.3;85 €;0 estrellas;0 llaves;Sevilla
Bypillow Residence April;8.7;128 €;0 estrellas;0 llaves;Sevilla
Reyes Católicos;6.6;67 €;3 estrellas;0 llaves;Sevilla
Apartamento Nuevo En Pleno Centro De Localización Perfecta;9.8;125 €;0 estrellas;0 llaves;Sevilla
AC Hotel Sevilla Fórum;8.3;98 €;4 estrellas;0 llaves;Sevilla
The Level at Meliá Sevilla;9;211 €;4 estrellas;0 llaves;Sevilla
Legado Magdalena Hotel;9.4;132 €;4 estrellas;0 llaves;Sevilla
Hotel Patio de la Alameda;9.2;97 €;3 estrellas;0 llaves;Sevilla
Sol y Luna de Triana;8.4;110 €;0 estrellas;3 llaves;Sevilla
Albergue Inturjoven Sevilla;7.8;59 €;2 estrellas;0 llaves;Sevilla
Casa Palacio Don Ramon;9.4;378 €;5 estrellas;0 llaves;Sevilla
Aacr Museo;8.2;76 €;3 estrellas;0 llaves;Sevilla
Casa Triana 1888 Suites by Época;9;112 €;0 estrellas;4 llaves;Sevilla
Petit Palace Canalejas;8.5;90 €;2 estrellas;0 llaves;Sevilla
El Molino;8.3;63 €;2 estrellas;0 llaves;Osuna
Mar - Beautiful Apartment With Two Bedrooms And Two Bathrooms;7.4;177 €;0 estrellas;0 llaves;Sevilla
Apartments Poemas & Rimas de Becquer;8.8;130 €;0 estrellas;4 llaves;Sevilla
The Boutike Guesthouse;8.4;131 €;0 estrellas;0 llaves;Sevilla
Hotel Lobby;9.6;433 €;5 estrellas;0 llaves;Sevilla
Hotel Mercer Sevilla;9.1;305 €;5 estrellas;0 llaves;Sevilla
LB Lebrija;7.8;59 €;2 estrellas;0 llaves;Lebrija
Vincci Molviedro;9.6;195 €;4 estrellas;0 llaves;Sevilla
Plácido Y Grata;9.2;240 €;4 estrellas;0 llaves;Sevilla
B&b Hotel Sevilla Bormujos;9.2;59 €;3 estrellas;0 llaves;Bormujos
Apartamento A Estrenar En San Bernardo;8.3;127 €;0 estrellas;0 llaves;Sevilla
Murillo Apartamentos;8.8;139 €;0 estrellas;0 llaves;Sevilla
Gollum-goretti House;7.2;102 €;0 estrellas;0 llaves;Mairena del Aljarafe
Hotel Un Patio al Sur;8.6;73 €;2 estrellas;0 llaves;Sevilla
The Honest Hotel San Pedro;8.5;116 €;3 estrellas;0 llaves;Sevilla
Casa de Zalamea;9.1;154 €;4 estrellas;0 llaves;Sevilla
Tourist House Alfalfa;8;595 €;0 estrellas;0 llaves;Sevilla
Sercotel Dona Carmela, Ascend Hotel Collection;8.7;61 €;3 estrellas;0 llaves;Sevilla
Cavalta Boutique Hotel;9.6;215 €;5 estrellas;0 llaves;Sevilla
Imagen Suite;9;116 €;0 estrellas;0 llaves;Sevilla
The Old Print House - Space Maison Apartments;9.2;212 €;0 estrellas;0 llaves;Sevilla
Apartamento En El Centro Para 4 Personas;8.6;85 €;0 estrellas;0 llaves;Sevilla
Hotel Gravina 51;9.7;235 €;4 estrellas;0 llaves;Sevilla
Suites Sevilla Plaza;8.6;151 €;0 estrellas;2 llaves;Sevilla
Sevilla Green Suites;9.1;87 €;4 estrellas;0 llaves;Alcalá de Guadaira
Hospederia Santa Clara;9;78 €;0 estrellas;0 llaves;Utrera
Casa de Triana Suite & Homes Seville;9.2;273 €;0 estrellas;4 llaves;Sevilla
AC Hotel Ciudad de Sevilla;8.5;129 €;4 estrellas;0 llaves;Sevilla
Isg Apartments Cedaceros 12;9.3;322 €;0 estrellas;0 llaves;Sevilla
Luxurious & Spacious 4br Apt Next To Cathedral;8.3;431 €;0 estrellas;0 llaves;Sevilla
U-Sense Sevilla Catedral;8.6;261 €;0 estrellas;0 llaves;Sevilla
Vincci Molviedro Suites Apartments;9;315 €;4 estrellas;0 llaves;Sevilla
Adriano;8.9;95 €;2 estrellas;0 llaves;Sevilla
Buen Viaje/san Esteban;9;111 €;0 estrellas;0 llaves;Sevilla
Petit Palace Vargas;9.1;107 €;2 estrellas;0 llaves;Sevilla
Pensión Gala;6.8;29 €;1 estrellas;0 llaves;Sevilla
Sf - Shiny Apartment In City Centre;7.7;214 €;0 estrellas;0 llaves;Sevilla
El Palomar;8.4;202 €;0 estrellas;0 llaves;Sevilla
Turistic Apartment Sevillamos SL;8.5;65 €;0 estrellas;0 llaves;Sevilla
Isg Apartments Cedaceros;8.5;271 €;0 estrellas;0 llaves;Sevilla
Apartamento Entero En Los Jardines De Murillo;8.4;240 €;0 estrellas;0 llaves;Sevilla
Precioso Piso En Sevilla;8.8;185 €;0 estrellas;0 llaves;Sevilla
Piso Luminoso Y Acogedor;8.7;105 €;0 estrellas;0 llaves;Alcalá de Guadaira
Simon;8.6;70 €;1 estrellas;0 llaves;Sevilla
Apartamentos Sevilla Centro;8.6;170 €;0 estrellas;2 llaves;Sevilla
Apartamento Casa Callejón Del Agua;9.1;548 €;0 estrellas;0 llaves;Sevilla
Casa Señorial Piedrachica;8.4;109 €;0 estrellas;0 llaves;Sevilla
Numa Seville Molina;9.1;192 €;0 estrellas;0 llaves;Sevilla
Apartamento Duplex En Centro De Sevilla;8.3;195 €;0 estrellas;0 llaves;Sevilla
Ático Lujo Junto A La Catedral. Giralda;8.8;125 €;0 estrellas;0 llaves;Sevilla
La Parada Del Marqués;9.2;145 €;3 estrellas;0 llaves;Sevilla
Noches de Triana;8.1;65 €;2 estrellas;0 llaves;Sevilla
Liam Studio In Sevilla Centric;7.7;90 €;0 estrellas;0 llaves;Sevilla
Jdc1c - Beautiful Apartment In Sevilla;8.4;200 €;0 estrellas;0 llaves;Sevilla
Dúplex Donkey Parking;8.2;130 €;0 estrellas;0 llaves;Sevilla
Cristine Bedfor Sevilla Boutique Hotel;9.3;207 €;4 estrellas;0 llaves;Sevilla
Apartamentos Juan RamÓn JimÉnez 3;9;89 €;0 estrellas;0 llaves;Utrera
Nochela Sevilla;8.2;90 €;2 estrellas;0 llaves;Sevilla
Europa Sevilla;8.4;95 €;1 estrellas;0 llaves;Sevilla
Castella Art;8.5;146 €;0 estrellas;0 llaves;Sevilla
Sol Centro Apartment A;8.6;115 €;0 estrellas;0 llaves;Sevilla
Lantana Garden;7.4;50 €;0 estrellas;0 llaves;Pilas
Sol Centro Apartment B;8.3;115 €;0 estrellas;0 llaves;Sevilla
Tourist House Francos;8.7;368 €;0 estrellas;0 llaves;Sevilla
Acogedor Apartamento En La Buhaira;8.8;109 €;0 estrellas;0 llaves;Sevilla
Lovely Apartment In The Old Town Of Seville;7.2;139 €;0 estrellas;0 llaves;Sevilla
Room007 Select Tetuán;9.2;76 €;0 estrellas;0 llaves;Sevilla
Oasis Backpackers Hostel Sevilla;8.6;18 €;0 estrellas;0 llaves;Sevilla
Lukanda Luxury;9.3;175 €;0 estrellas;0 llaves;Sevilla
B&B HOTEL Écija;9;57 €;3 estrellas;0 llaves;Écija
Apartamento En San Bernardo, El Barrio Torero;7.9;112 €;0 estrellas;0 llaves;Sevilla
Amazing Sevilla Apartamento;7.6;535 €;0 estrellas;0 llaves;Sevilla
Room00 Sevilla;8.6;24 €;0 estrellas;0 llaves;Sevilla
Isg Apartments Cuna;8.3;211 €;0 estrellas;0 llaves;Sevilla
Casa Del Contratador By Época Suites;9.9;414 €;0 estrellas;0 llaves;Sevilla
Apartamento Living By Cathedral;9.3;190 €;0 estrellas;0 llaves;Sevilla
ibis budget Sevilla Aeropuerto;7.9;59 €;1 estrellas;0 llaves;Sevilla
Conteros Centro Apartment;7.6;105 €;0 estrellas;0 llaves;Sevilla
Mercer Residences Sevilla;9.8;194 €;0 estrellas;0 llaves;Sevilla
Micampus Armendariz Students Residence SOLO ESTUDIANTES;8;63 €;2 estrellas;0 llaves;Sevilla
Apartamentos Setas Center;8.7;162 €;0 estrellas;0 llaves;Sevilla
Homeyseville-precioso Apartamento San Juan De La Palma, Parking Optional;8.8;145 €;0 estrellas;0 llaves;Sevilla
Limehome Sevilla Calle Granada;9;129 €;0 estrellas;0 llaves;Sevilla
Portico Sevilla;9.1;100 €;0 estrellas;0 llaves;Sevilla
Letoh Letoh Sevilla;8.7;123 €;0 estrellas;0 llaves;Sevilla
Hostal Museo;8.7;57 €;1 estrellas;0 llaves;Sevilla
Apartamentos Torre de la Plata;8.6;139 €;0 estrellas;0 llaves;Sevilla
Numa Seville Prestigio;9.5;420 €;0 estrellas;0 llaves;Sevilla
Sevilla San Bernardo Apartamento;9.6;229 €;0 estrellas;0 llaves;Sevilla
Castellar Centro Apartment;8.8;140 €;0 estrellas;0 llaves;Sevilla
Mini Estudio Lovely Sevilla Con Baño Compartido;;273 €;0 estrellas;0 llaves;Camas
Apartment Mosaic Giralda;8.3;203 €;0 estrellas;0 llaves;Sevilla
Aquitania Home Suites;9.2;202 €;0 estrellas;0 llaves;Sevilla
Sevilla Deluxe Suites;9.2;350 €;0 estrellas;0 llaves;Sevilla
Hotel Los Girasoles;6.5;70 €;2 estrellas;0 llaves;Valencina de la Concepción
Apartamento El Pasaje;8.6;134 €;0 estrellas;0 llaves;Sevilla
Alcázar de Eva María;8.5;132 €;0 estrellas;0 llaves;Sevilla
La Puerta de Palacio;8.4;58 €;0 estrellas;0 llaves;Sevilla
Toc Sevilla;8.5;30 €;0 estrellas;0 llaves;Sevilla
H Boutique Voluve;8;87 €;0 estrellas;0 llaves;Sevilla
Mercer Residences Sevilla;9.2;198 €;0 estrellas;0 llaves;Sevilla
Vac Luxury Home Sevilla;8.8;168 €;0 estrellas;0 llaves;Sevilla
Real Casa De La Moneda Deluxe Apartments;9.7;400 €;0 estrellas;0 llaves;Sevilla
Banana Gay House - Only Men;9.1;80 €;0 estrellas;0 llaves;Sevilla
Arc House Plaza;6.1;46 €;1 estrellas;0 llaves;Sevilla
Feria;9;204 €;0 estrellas;0 llaves;Sevilla
Bajo Gerona;9.7;150 €;0 estrellas;0 llaves;Sevilla
Enladrillada Apartment;8.6;150 €;0 estrellas;0 llaves;Sevilla
Hostel One Sevilla Centro;8.2;19 €;0 estrellas;0 llaves;Sevilla
Isg Apartments Catedral;8.7;316 €;0 estrellas;0 llaves;Sevilla
Lovely Apt In The City Center - 15m Walk Giralda;7.2;129 €;0 estrellas;0 llaves;Sevilla
Pension Riosol;6.9;55 €;1 estrellas;0 llaves;Sevilla
19th Century Sevillian Apartment;8.6;120 €;0 estrellas;0 llaves;Sevilla
Komodo Goyeneta - Central Duplex With Pool & Patio.;8.8;201 €;0 estrellas;0 llaves;Sevilla
Apartamento Acogedor Y Moderno En Pleno Centro De Sevilla Con Parking Gratis;9.1;180 €;0 estrellas;0 llaves;Sevilla
Casa Nueva Con Piscina Privada Y Solárium;9.8;189 €;0 estrellas;0 llaves;Alcalá de Guadaira
Limehome Sevilla Ronda De Capuchinos;9;118 €;0 estrellas;0 llaves;Sevilla
Mara Arenal Sevilla;9.4;365 €;0 estrellas;0 llaves;Sevilla
Tourist House Odonell;9;293 €;0 estrellas;0 llaves;Sevilla
City Rooftop Paradise - Space Maison Apartments;8.7;278 €;0 estrellas;0 llaves;Sevilla
Isg Apartments Apartamento Cerca De La Catedral;8.7;187 €;0 estrellas;0 llaves;Sevilla
Pension Santiago;7.2;44 €;0 estrellas;0 llaves;Écija
Luxury Rooftop - Space Maison Apartments;8.9;209 €;0 estrellas;0 llaves;Sevilla
San Luis Downtown & Pool Apartment;9.4;117 €;0 estrellas;0 llaves;Sevilla
Pensión Nuevo Suizo;7.8;16 €;0 estrellas;0 llaves;Sevilla
Centro Luxe 3 Rooms;8.3;179 €;0 estrellas;0 llaves;Sevilla
La Banda Rooftop Hostel;8.8;33 €;0 estrellas;0 llaves;Sevilla
Tourist House Trajano Terraza-piscina;8.7;301 €;0 estrellas;0 llaves;Sevilla
The Spot Central Hostel;8.3;39 €;0 estrellas;0 llaves;Sevilla
Eme Sevilla Turistica;8.7;80 €;0 estrellas;0 llaves;Sevilla
Feria Palace Apartment;9.2;178 €;0 estrellas;0 llaves;Sevilla
U-Sense For You Hostel Sevilla;8.9;33 €;0 estrellas;0 llaves;Sevilla
More Center Apartment;9;125 €;0 estrellas;0 llaves;Sevilla
Eleven Real De La Carretería, By Homing U;8.8;246 €;0 estrellas;0 llaves;Sevilla
Lolita's House Torre Del Oro;9.1;145 €;0 estrellas;0 llaves;Sevilla
Hotel Roomsole;7.8;63 €;0 estrellas;0 llaves;Sevilla
Ático Campana Donkey Terraza Privada;7.7;127 €;0 estrellas;0 llaves;Sevilla
Casa Pepita Gutiérrez;9.1;221 €;0 estrellas;0 llaves;Sevilla
Luz De Sevilla Free Parking;9.7;285 €;0 estrellas;0 llaves;Sevilla
El Viajero En Sevilla;8.4;54 €;0 estrellas;0 llaves;Sevilla
Apartamento Casa Curro Sevilla;9.6;145 €;0 estrellas;0 llaves;Sevilla
Luxury Maestranza Donkey;7.8;191 €;0 estrellas;0 llaves;Sevilla
San Pagés 3br Apartment;7.9;135 €;0 estrellas;0 llaves;Sevilla
Calle Harinas 23;7.2;169 €;0 estrellas;0 llaves;Sevilla
Lolita's House Alhambra;8.7;111 €;0 estrellas;0 llaves;Sevilla
Apartamentos San Roque;8.7;97 €;0 estrellas;0 llaves;Sevilla
Isg Apartments Zaragoza-free Parking;8;167 €;0 estrellas;0 llaves;Sevilla
Isg Apartments The Most Exclusive Apartment In Sevillaparking;9.6;655 €;0 estrellas;0 llaves;Sevilla
Soleado, Familiar, Alegre Y Tranquilo A Un Paseo De Catedral;9.6;231 €;0 estrellas;0 llaves;Sevilla
Apartamento San Roque 5;8.6;108 €;0 estrellas;0 llaves;Sevilla
Center Sevilla Magdalena Premium, Free Parking;8;182 €;0 estrellas;0 llaves;Sevilla
Isg Apartments Puerta Jerez Sevilla 02;7.4;200 €;0 estrellas;0 llaves;Sevilla
Apartamentos Plaza Nueva;8.2;222 €;0 estrellas;0 llaves;Sevilla
JOY Plaza de Armas ;7.1;18 €;0 estrellas;0 llaves;Sevilla
Isg Apartments Downtown Family Haven Free Parking Spot;8.5;729 €;0 estrellas;0 llaves;Sevilla
Elegant Suite;8.7;335 €;0 estrellas;0 llaves;Sevilla
Nice Apartment In The Center Of Seville;8.4;70 €;0 estrellas;0 llaves;Sevilla
Genteel Home Betis 67;9.4;621 €;0 estrellas;0 llaves;Sevilla
By Plaza De España Overlooking Parque María Luisa;9.1;120 €;0 estrellas;0 llaves;Sevilla
Isg Apartments Precioso ático Con Terraza Privada En El Centro;7.7;180 €;0 estrellas;0 llaves;Sevilla
Apartamentos Gravina 56;9.5;255 €;0 estrellas;0 llaves;Sevilla
Solea;8.7;189 €;0 estrellas;0 llaves;Sevilla
Las Columnas De Hércules - Great Location!;9.3;155 €;0 estrellas;0 llaves;Sevilla
Loft Duplex Sevilla Wall;8.8;142 €;0 estrellas;0 llaves;Sevilla
Smartr Sevilla Puente De Triana;9.6;132 €;0 estrellas;0 llaves;Sevilla
ibis Sevilla;7.9;64 €;1 estrellas;0 llaves;Sevilla
The Corner House;9.2;110 €;0 estrellas;0 llaves;Sevilla
Apartamento En Casa Palacio Centro HistÓrico;9.1;139 €;0 estrellas;0 llaves;Sevilla
Hotel Restaurante Los Molinos;8.7;46 €;1 estrellas;0 llaves;Écija
Siesta Andaluza;9.1;150 €;0 estrellas;0 llaves;Sevilla
Magno Apartments Casa Del Correo Mayor I;9.1;208 €;0 estrellas;0 llaves;Sevilla
Suite Center San Lorenzo 35;8.6;135 €;0 estrellas;0 llaves;Sevilla
Suites San Pablo;8.3;138 €;0 estrellas;0 llaves;Sevilla
San Lorenzo Collection Homes - Space Maison Apartments;8.5;151 €;0 estrellas;0 llaves;Sevilla
Casas Del Madroño;8.6;60 €;0 estrellas;0 llaves;Cazalla de la Sierra
Zona Alameda De Hércules Silencioso;8.2;111 €;0 estrellas;0 llaves;Sevilla
Sirena Center Apartment;9;150 €;0 estrellas;0 llaves;Sevilla
Enjoy Sevilla;8.1;177 €;0 estrellas;0 llaves;Sevilla
Apartamento Faustino Alvarez;9.1;129 €;0 estrellas;0 llaves;Sevilla
Apartamentos Puerta del Sur;6.1;49 €;0 estrellas;0 llaves;Sevilla
Nuevo Apartamento Alameda;8.6;100 €;0 estrellas;0 llaves;Sevilla
Bambu Hostel Capsules;6.4;28 €;0 estrellas;0 llaves;Sevilla
Letoh Letoh Sevilla;8;104 €;0 estrellas;0 llaves;Sevilla
Precioso Apartamento En El Corazon De Sevilla;9;235 €;0 estrellas;0 llaves;Sevilla
Casa Pureza;8.9;108 €;0 estrellas;0 llaves;Sevilla
Palacio Bucarelli;9;174 €;0 estrellas;0 llaves;Sevilla
Pnp17 Bi;8.9;129 €;0 estrellas;0 llaves;Sevilla
Magno Apartments Pureza Suites;9;133 €;0 estrellas;0 llaves;Sevilla
Torneo 48 Suite;9.7;179 €;0 estrellas;0 llaves;Sevilla
Luis Montoto;9.3;157 €;0 estrellas;0 llaves;Sevilla
Serendipity Hispalis Nervión;8.8;162 €;0 estrellas;0 llaves;Sevilla
Enjoy Sevilla Familia;7.5;202 €;0 estrellas;0 llaves;Sevilla
Pensión Romero;8.5;127 €;0 estrellas;0 llaves;Sevilla
Atlumbreras16;9.1;143 €;0 estrellas;0 llaves;Sevilla
La Casa Del Corral Triana Collection Apartment;9.2;201 €;0 estrellas;0 llaves;Sevilla
New! Luxurious & Chic Duplex Next To The Cathedral;7.8;170 €;0 estrellas;0 llaves;Sevilla
Apartamento Macarena Junto A La Basílica De La Macarena;8.9;166 €;0 estrellas;0 llaves;Sevilla
Bella Vista Modern & Luxury;7.1;149 €;0 estrellas;0 llaves;Sevilla
Nice Apartment Centro Histórico;8.7;140 €;0 estrellas;0 llaves;Sevilla
Triana;8.9;115 €;0 estrellas;0 llaves;Sevilla
Hostel Ikigai;9;32 €;0 estrellas;0 llaves;Sevilla
Carmen De Triana;9.7;191 €;0 estrellas;0 llaves;Sevilla
A3 Estudio Centro Alameda Feria;8;141 €;0 estrellas;0 llaves;Sevilla
Segura Donkey;8.5;114 €;0 estrellas;0 llaves;Sevilla
Lumbreras 42 Apartamento, Desayuno De Cortesía, Cerca De Isla Mágica;9.3;111 €;0 estrellas;0 llaves;Sevilla
Enorme Y Luminoso Apartamento Para 13 Personas Con Balcones En El Corazón De Sevilla;7.5;762 €;0 estrellas;0 llaves;Sevilla
Penthouse Asuncion Feria;9.3;195 €;0 estrellas;0 llaves;Sevilla
Futurotel Sevilla;7.7;63 €;0 estrellas;0 llaves;Sevilla
Modern Spacious Apartment Central Of Seville;9.3;141 €;0 estrellas;0 llaves;Sevilla
Hostal San Vicente II;9.1;66 €;0 estrellas;0 llaves;Sevilla
Apartamento San Jacinto III;9.3;129 €;0 estrellas;0 llaves;Sevilla
Triana Riverside;8.7;58 €;0 estrellas;0 llaves;Sevilla
Apartamento Torneo, Aires De Guadalquivir;9;116 €;0 estrellas;0 llaves;Sevilla
Apartamentos Terra Triana;9.3;185 €;0 estrellas;0 llaves;Sevilla
Le Petit Paris;7.8;45 €;0 estrellas;0 llaves;Sevilla
Hotel Isla Menor;7.9;70 €;1 estrellas;0 llaves;Dos Hermanas
Apartamento Céntrico En La Calle Cruz Verde, 10;7.8;151 €;0 estrellas;0 llaves;Sevilla
Apartamentos Montevideo 6;8.6;174 €;0 estrellas;0 llaves;Sevilla
Apartamento San Jacinto;9;129 €;0 estrellas;0 llaves;Sevilla
Isg Apartments Faustino 45;8.4;277 €;0 estrellas;0 llaves;Sevilla
Ático Terraza Privada Tetuán;9.3;430 €;0 estrellas;0 llaves;Sevilla
Apartamento 4 En Estadio Sevilla 8 Plazas Y Metro;8.8;550 €;0 estrellas;0 llaves;Sevilla
Fray Isidoro Apartment;8.5;115 €;0 estrellas;0 llaves;Sevilla
Isg Apartments Estudio En La Alameda 2;8.6;155 €;0 estrellas;0 llaves;Sevilla
Isg Apartments Faustino 45-3;8.3;178 €;0 estrellas;0 llaves;Sevilla
Alfareria Ocho;9.1;99 €;0 estrellas;0 llaves;Sevilla
El Castillo;6.1;61 €;0 estrellas;0 llaves;Alcalá de Guadaira
Isg Apartments Lovely Duplex;8.3;162 €;0 estrellas;0 llaves;Sevilla
Triana Backpackers;8.2;20 €;0 estrellas;0 llaves;Sevilla
Pretty Duplex In Bohemian District-city Center;7.9;100 €;0 estrellas;0 llaves;Sevilla
Dolium Apartments;8.3;65 €;0 estrellas;0 llaves;Sevilla
3 Bedroom Apartment With Stunning Guadalquivir Views;8.1;256 €;0 estrellas;0 llaves;Sevilla
Alfareria-sol;8.9;188 €;0 estrellas;0 llaves;Sevilla
Treetriana;8.3;491 €;0 estrellas;0 llaves;Sevilla
La Casa De Luis De Vargas;8.1;188 €;0 estrellas;0 llaves;Sevilla
Apartamento San Juan De Dios;8.1;100 €;0 estrellas;0 llaves;Sevilla
Epicenter;9.9;455 €;0 estrellas;0 llaves;Sevilla
Moderno Estudio Junto Al Río;8.2;180 €;0 estrellas;0 llaves;Sevilla
Isg Apartments Encantador Estudio En Alameda De Hércules;8;151 €;0 estrellas;0 llaves;Sevilla
Apartamento 3 En Estadio Del Sevilla 8 Plazas Y M;8.2;450 €;0 estrellas;0 llaves;Sevilla
Isg Apartments Modern Atticpool At The Cathedralfree Parking;8.7;934 €;0 estrellas;0 llaves;Sevilla
Apartamento Macarena, En El Centro De Sevilla;8;95 €;0 estrellas;0 llaves;Sevilla
Apartamento Triana, 5 Mins Centro;8;60 €;0 estrellas;0 llaves;Sevilla
Apartamento 2 En Estadio Sevilla 6 Plazas Y Metro;8.1;400 €;0 estrellas;0 llaves;Sevilla
El Apartamento De Rosi;7.9;180 €;0 estrellas;0 llaves;Sevilla
Hostal Nervion;7.7;60 €;0 estrellas;0 llaves;Sevilla
Mi Rincon En Triana;8.7;90 €;0 estrellas;0 llaves;Sevilla
Tkm Home Amplió Y Familiar, Terraza Privada;9.8;299 €;0 estrellas;0 llaves;Sevilla
Urban Triana Sevilla;7.7;60 €;0 estrellas;0 llaves;Sevilla
Serenity Retreat At Seville - Free Parking;7.9;130 €;0 estrellas;0 llaves;Sevilla
Isg Apartments Luxury Apartment By The Cathedral;8.6;764 €;0 estrellas;0 llaves;Sevilla
Charming Apt In The Center - 10m Walk Isla Mágica;7;124 €;0 estrellas;0 llaves;Sevilla
Cozy&quiet Apt In Sanvicente St Andalusian Patio;8.7;147 €;0 estrellas;0 llaves;Sevilla
#3# Apartamento Bañera Hidromasaje Sevilla Centro;7.7;182 €;0 estrellas;0 llaves;Sevilla
Apartamento El Cachorro De Triana;8.7;85 €;0 estrellas;0 llaves;Sevilla
Apartamento Celia;9.2;157 €;0 estrellas;0 llaves;Sevilla
Luxor 7;7.3;76 €;0 estrellas;0 llaves;Sevilla
Loft Familiar piscina Sevilla Centro;7.5;408 €;0 estrellas;0 llaves;Sevilla
Isg Apartments Triana 1;9.1;190 €;0 estrellas;0 llaves;Sevilla
Resolana Home Sevilla;8.1;201 €;0 estrellas;0 llaves;Sevilla
Rincón De Esperanza;8.3;71 €;0 estrellas;0 llaves;Sevilla
Apartamento Sevilla Enzo;8.7;100 €;0 estrellas;0 llaves;Sevilla
Estudio Sevilla Centro;7.3;182 €;0 estrellas;0 llaves;Sevilla
Apartamento Privado En Triana Full Equip;8.5;120 €;0 estrellas;0 llaves;Sevilla
Triana 3 Wifi;8.1;86 €;0 estrellas;0 llaves;Sevilla
Estudio Completo A Estrenar En Triana;8.4;89 €;0 estrellas;0 llaves;Sevilla
Ole Triana;8.6;175 €;0 estrellas;0 llaves;Sevilla
Urban House Siurot 33;9;110 €;0 estrellas;0 llaves;Sevilla
Matisse;8.7;135 €;0 estrellas;0 llaves;Sevilla
Diseño Triana 2 Rooms;8.2;133 €;0 estrellas;0 llaves;Sevilla
Isg Apartments Triana Estudio 2;8.4;167 €;0 estrellas;0 llaves;Sevilla
Resitur Luxury Suit 2;6.5;710 €;0 estrellas;0 llaves;Sevilla
Flamenco B&B;8.7;88 €;0 estrellas;0 llaves;Sevilla
Futurotel Sevilla;6.4;59 €;0 estrellas;0 llaves;Sevilla
Apartamento Arrayan;7;175 €;0 estrellas;0 llaves;Sevilla
Canvas Sevilla Lago;8.2;70 €;0 estrellas;0 llaves;Sevilla
Apartamento Asturias;7.5;71 €;0 estrellas;0 llaves;Sevilla
Limehome Sevilla Calle Torcuato Luca de Tena;8.1;69 €;0 estrellas;0 llaves;Sevilla
Isg Apartments O'donnell 2-1-free Parking;8.9;429 €;0 estrellas;0 llaves;Sevilla
Rabadan Brand New Amazing House With Terrace Parking;10;835 €;0 estrellas;0 llaves;Sevilla
Loft Suite Frutos;8.6;119 €;0 estrellas;0 llaves;Sevilla
New Gorgeous 2-bed Apt In Seville Center;8.6;178 €;0 estrellas;0 llaves;Sevilla
Isg Apartments Casa Virginia-alameda;9.4;156 €;0 estrellas;0 llaves;Sevilla
Isg Puerta Jerez Sevilla 21;9.9;314 €;0 estrellas;0 llaves;Sevilla
Tourist House San Eloy;8.7;371 €;0 estrellas;0 llaves;Sevilla
Piso Reformado 3 Habitaciones;7.5;125 €;0 estrellas;0 llaves;Sevilla
Casa Unifamiliar;8.8;134 €;0 estrellas;0 llaves;Sevilla
Vice Apartment Seville Centre Alameda Hercules Square;8.4;104 €;0 estrellas;0 llaves;Sevilla
Apartamento Manzana;9.5;149 €;0 estrellas;0 llaves;Sevilla
Fibes Lux Sevilla Este.;8.6;78 €;0 estrellas;0 llaves;Sevilla
Apto Lux Sevilla;8.5;80 €;0 estrellas;0 llaves;Sevilla
Micampus Rector Estanislao Del Campo;7.6;58 €;0 estrellas;0 llaves;Sevilla
Apartamento Doctor Eusebio Leon;7;134 €;0 estrellas;0 llaves;Sevilla
Hacienda La Indiana;8.9;117 €;0 estrellas;0 llaves;Los Palacios y Villafranca
Apartamento Fibes Edificio Lux Sevilla;8.3;75 €;0 estrellas;0 llaves;Sevilla
Urbion Home;8.7;115 €;0 estrellas;0 llaves;Sevilla
Whitey Aparment In Triana;7.1;308 €;0 estrellas;0 llaves;Sevilla
5 Apartamento En Estadio Sevilla 6 Plazas 2 Hab Y Metro;8.8;346 €;0 estrellas;0 llaves;Sevilla
Alojamiento Rural Finca Barral;9.1;145 €;0 estrellas;0 llaves;Sevilla
Se - Peaceful Shiny Apartment Near Fibes;7.5;101 €;0 estrellas;0 llaves;Sevilla
Apartamento Reformado Parking Gratis;7.4;115 €;0 estrellas;0 llaves;Sevilla
Arte Y Descanso En Sevilla;8.1;224 €;0 estrellas;0 llaves;Sevilla
Camping Cuevas Mar;8.1;47 €;0 estrellas;0 llaves;Palomares del Río
Hostal Nueva Andalucia;6.9;35 €;0 estrellas;0 llaves;Alcalá de Guadaira
La Casa De Los Viajantes;6.6;405 €;0 estrellas;0 llaves;Sevilla
Apartamento Brisas;7.9;108 €;0 estrellas;0 llaves;Sevilla
Apartamento Cerca Del Aereopuerto;6.7;64 €;0 estrellas;0 llaves;Sevilla
Abba;8.3;76 €;0 estrellas;0 llaves;Sevilla
Casa Rural Familiar , Castilleja Del Campo , Sevilla;8.4;97 €;0 estrellas;0 llaves;Sevilla
El Rincón De Leandro By Shs;;207 €;0 estrellas;0 llaves;Sevilla
Refugio Vanguardista En Calle Feria;9.2;199 €;0 estrellas;0 llaves;Sevilla
Magdalena Luxury House;;309 €;0 estrellas;0 llaves;Sevilla
Apartamentos Turisticos Resitur;7.6;58 €;0 estrellas;0 llaves;Sevilla
El Mirador Del Castillo;7.2;57 €;0 estrellas;0 llaves;Constantina
Suite Triana Sevilla;8.8;67 €;0 estrellas;0 llaves;Sevilla
180home Glamuroso Apartamento En Triana;8.4;170 €;0 estrellas;0 llaves;Sevilla
Loft Acogedor;9.6;94 €;0 estrellas;0 llaves;Sevilla
Oasis Sevilla Congresos;8.6;64 €;0 estrellas;0 llaves;Sevilla
Estudio La Casa Del Museo;;178 €;0 estrellas;0 llaves;Sevilla
Apartamento Industrial 1 Dormitorio Y Garaje;9;134 €;0 estrellas;0 llaves;Sevilla
Tiny House El Sol;9.1;95 €;0 estrellas;0 llaves;Sevilla
Reflection;;110 €;0 estrellas;0 llaves;Sevilla
Piso En La Oliva Bien Comunicado;7.5;199 €;0 estrellas;0 llaves;Sevilla
Petit Apartment Los Remedios;;171 €;0 estrellas;0 llaves;Sevilla
J&n Apartament La Palmera 2;7.1;114 €;0 estrellas;0 llaves;Sevilla
Campanilla N`28;9.5;170 €;0 estrellas;0 llaves;Sevilla
La Clara Domus;9.1;81 €;0 estrellas;0 llaves;Sevilla
