Nombre,Puntuacion,Precio,Estrellas,Llaves,Direccion,web,zona,Nombre_norm
Hotel Zentral Ave,8.7,76.0,4 estrellas,0 llaves,Zaragoza,Amimir,Zaragoza,zentral ave
Apartamentos El Pilar 3000,8.4,80.0,0 estrellas,0 llaves,Zaragoza,Amimir,Zaragoza,pilar
Gran Via,8.4,56.0,3 estrellas,0 llaves,Zaragoza,Amimir,Zaragoza,gran via
Hotel Pilar Plaza,8.7,50.0,3 estrellas,0 llaves,Zaragoza,Amimir,Zaragoza,pilar plaza
Hotel Eurostars Zaragoza,7.8,55.0,4 estrellas,0 llaves,Zaragoza,Amimir,Zaragoza,eurostars
Hotel Monasterio Benedictino,8.7,60.0,4 estrellas,0 llaves,Calatayud,Amimir,Zaragoza,monasterio benedictino
Exe Boston,8.6,73.0,4 estrellas,0 llaves,Zaragoza,Amimir,Zaragoza,exe boston
Europa,8.8,68.0,4 estrellas,0 llaves,Utebo,Amimir,Zaragoza,europa
Hotel Zaragoza Royal,7.9,53.0,3 estrellas,0 llaves,Zaragoza,Amimir,Zaragoza,royal
Alda Triskel,8.3,42.0,3 estrellas,0 llaves,Sos del Rey Católico,Amimir,Zaragoza,alda triskel
INNSiDE Zaragoza,9.4,130.0,4 estrellas,0 llaves,Zaragoza,Amimir,Zaragoza,innside
Hotel Palafox,8.2,128.0,5 estrellas,0 llaves,Zaragoza,Amimir,Zaragoza,palafox
NH Sport,7.8,61.0,3 estrellas,0 llaves,Zaragoza,Amimir,Zaragoza,nh sport
Hotel Cesaraugusta,7.9,59.0,3 estrellas,0 llaves,Zaragoza,Amimir,Zaragoza,cesaraugusta
Globales Castillo de Ayud,8.3,50.0,3 estrellas,0 llaves,Calatayud,Amimir,Zaragoza,globales castillo ayud
Oriente,8.9,77.0,3 estrellas,0 llaves,Zaragoza,Amimir,Zaragoza,oriente
Cienbalcones Hotel,7.6,57.0,3 estrellas,0 llaves,Daroca,Amimir,Zaragoza,cienbalcones
Hotel Gomar,8.3,42.0,2 estrellas,0 llaves,San Martín de la Virgen del Moncayo,Amimir,Zaragoza,gomar
Mesón de la Dolores,9.1,74.0,3 estrellas,0 llaves,Calatayud,Amimir,Zaragoza,meson dolores
Hotel Alfonso,9.0,107.0,4 estrellas,0 llaves,Zaragoza,Amimir,Zaragoza,alfonso
Apartahotel Los Girasoles,9.2,78.0,4 estrellas,0 llaves,Zaragoza,Amimir,Zaragoza,aparta girasoles
NH Collection Gran Hotel de Zaragoza,8.9,114.0,4 estrellas,0 llaves,Zaragoza,Amimir,Zaragoza,nh collection gran
Hospedería De Sádaba,8.2,71.0,3 estrellas,0 llaves,Sádaba,Amimir,Zaragoza,hospederia sadaba
Hotel París Centro,6.4,44.0,2 estrellas,0 llaves,Zaragoza,Amimir,Zaragoza,paris centro
Fornos,8.7,49.0,2 estrellas,0 llaves,Calatayud,Amimir,Zaragoza,fornos
Apartahotel Belchite,9.4,85.0,3 estrellas,0 llaves,Belchite,Amimir,Zaragoza,aparta belchite
Hotel Diagonal Plaza,9.3,89.0,4 estrellas,0 llaves,Zaragoza,Amimir,Zaragoza,diagonal plaza
Hostal Casa Marzo,7.6,86.0,3 estrellas,0 llaves,Cariñena,Amimir,Zaragoza,casa marzo
Real Posada de Liena,8.9,104.0,3 estrellas,0 llaves,Murillo de Gállego,Amimir,Zaragoza,real posada liena
La Casona de la Reina Berta,9.2,110.0,3 estrellas,0 llaves,Murillo de Gállego,Amimir,Zaragoza,casona reina berta
Vincci Zaragoza Zentro,9.0,101.0,4 estrellas,0 llaves,Zaragoza,Amimir,Zaragoza,vincci zentro
Encanto Tarazona,8.7,88.0,3 estrellas,0 llaves,Tarazona,Amimir,Zaragoza,encanto tara
Hotel Hispania,8.5,64.0,2 estrellas,0 llaves,Zaragoza,Amimir,Zaragoza,hispania
Hotel Balneario de la Virgen,7.3,79.0,3 estrellas,0 llaves,Jaraba,Amimir,Zaragoza,balneario virgen
Hotel Chané,8.5,60.0,2 estrellas,0 llaves,La Puebla de Alfindén,Amimir,Zaragoza,chane
Silken Reino de Aragón,8.8,127.0,4 estrellas,0 llaves,Zaragoza,Amimir,Zaragoza,silken reino aragon
Hotel Don Jaime 54,9.0,53.0,3 estrellas,0 llaves,Zaragoza,Amimir,Zaragoza,don jaime
La Merced de la Concordia,,80.0,4 estrellas,0 llaves,Tarazona,Amimir,Zaragoza,merced concordia
Las Ventas,8.4,49.0,3 estrellas,0 llaves,Utebo,Amimir,Zaragoza,las ventas
Kadrit Hotel,8.9,75.0,4 estrellas,0 llaves,Cadrete,Amimir,Zaragoza,kadrit
Hesperia Zaragoza Centro,8.4,75.0,3 estrellas,0 llaves,Zaragoza,Amimir,Zaragoza,hesperia centro
NH Ciudad de Zaragoza,9.2,98.0,4 estrellas,0 llaves,Zaragoza,Amimir,Zaragoza,nh ciudad
Hotel Goya,7.8,110.0,4 estrellas,0 llaves,Zaragoza,Amimir,Zaragoza,goya
Eurostars Rey Fernando,8.7,68.0,4 estrellas,0 llaves,Zaragoza,Amimir,Zaragoza,eurostars rey fernando
Casa Platerias S.XV by 18 Torres,8.7,89.0,0 estrellas,4 llaves,Zaragoza,Amimir,Zaragoza,casa platerias s.xv
Hotel ILUNION Romareda,8.3,90.0,4 estrellas,0 llaves,Zaragoza,Amimir,Zaragoza,ilunion romareda
Tibur,7.9,68.0,3 estrellas,0 llaves,Zaragoza,Amimir,Zaragoza,tibur
Catalonia El Pilar,9.6,140.0,4 estrellas,0 llaves,Zaragoza,Amimir,Zaragoza,catalonia pilar
VTZ Orús Factory Hotel,7.9,60.0,2 estrellas,0 llaves,Zaragoza,Amimir,Zaragoza,vtz orus factory
Hotel Inca,8.7,54.0,3 estrellas,0 llaves,Zaragoza,Amimir,Zaragoza,inca
Casa Palacio de los Sitios,8.9,70.0,0 estrellas,3 llaves,Zaragoza,Amimir,Zaragoza,casa palacio sitios
Exe Plaza Delicias,8.3,68.0,3 estrellas,0 llaves,Zaragoza,Amimir,Zaragoza,exe plaza delicias
YIT Ciudad de Zaragoza,7.9,59.0,3 estrellas,0 llaves,Zaragoza,Amimir,Zaragoza,yit ciudad
Reina Petronila,7.7,101.0,5 estrellas,0 llaves,Zaragoza,Amimir,Zaragoza,reina petronila
Ibis Styles Zaragoza Ramiro I,7.9,77.0,3 estrellas,0 llaves,Zaragoza,Amimir,Zaragoza,ibis styles ramiro i
Castillo Bonavía,8.6,56.0,3 estrellas,0 llaves,Pedrola,Amimir,Zaragoza,castillo bonavia
Río Arga,8.8,73.0,2 estrellas,0 llaves,Zaragoza,Amimir,Zaragoza,rio arga
Hotel El Águila,8.0,57.0,3 estrellas,0 llaves,Utebo,Amimir,Zaragoza,aguila
B&B HOTEL Zaragoza Los Enlaces Estación,7.9,62.0,4 estrellas,0 llaves,Zaragoza,Amimir,Zaragoza,b&b enlaces estacion
Exe Zaragoza Wtc,8.7,77.0,3 estrellas,0 llaves,Zaragoza,Amimir,Zaragoza,exe wtc
Casa Rural Santa Agueda,9.9,51.0,0 estrellas,0 llaves,Jaraba,Amimir,Zaragoza,casa rural santa agueda
Apartamentos La Escapada,9.8,72.0,0 estrellas,0 llaves,Alhama de Aragón,Amimir,Zaragoza,escapada
Hostal Santa Águeda,9.1,64.0,0 estrellas,0 llaves,Tarazona,Amimir,Zaragoza,santa agueda
AZ Hotel El Príncipe,8.2,73.0,3 estrellas,0 llaves,Zaragoza,Amimir,Zaragoza,az principe
Apartamentos Zaragoza Gran Vía 3000,9.0,94.0,0 estrellas,0 llaves,Zaragoza,Amimir,Zaragoza,gran via
Suite Rural Carenas,9.5,189.0,0 estrellas,0 llaves,Carenas,Amimir,Zaragoza,rural carenas
Origen Sacramento Deluxe,9.5,185.0,0 estrellas,0 llaves,Zaragoza,Amimir,Zaragoza,origen sacramento deluxe
Casa Rural Alicia,9.5,300.0,0 estrellas,0 llaves,Villafranca de Ebro,Amimir,Zaragoza,casa rural alicia
Casa Rural Los Lilos,9.4,150.0,0 estrellas,0 llaves,Gotor,Amimir,Zaragoza,casa rural lilos
Apartemento Rural,9.4,70.0,0 estrellas,0 llaves,Lumpiaque,Amimir,Zaragoza,apartemento rural
Casa Rural Mundobriga,9.0,93.0,0 estrellas,0 llaves,Munébrega,Amimir,Zaragoza,casa rural mundobriga
Loft Con Terraza Y Barbacoa,9.2,83.0,0 estrellas,0 llaves,Lumpiaque,Amimir,Zaragoza,loft con terraza barbacoa
Monasteriohome 1 2,9.2,64.0,0 estrellas,0 llaves,Ibdes,Amimir,Zaragoza,monasteriohome
Monasteriohome 1,9.1,63.0,0 estrellas,0 llaves,Ibdes,Amimir,Zaragoza,monasteriohome
A' Corona del Reino,8.9,80.0,0 estrellas,0 llaves,Ejea de los Caballeros,Amimir,Zaragoza,a' corona reino
La Tallada,9.0,110.0,0 estrellas,0 llaves,Caspe,Amimir,Zaragoza,tallada
Mirador Del Río Piedra,9.0,305.0,0 estrellas,0 llaves,Nuévalos,Amimir,Zaragoza,mirador rio piedra
Casa Torralba,8.6,52.0,0 estrellas,0 llaves,El Frago,Amimir,Zaragoza,casa torralba
Casa Aljez,8.7,150.0,0 estrellas,0 llaves,Calatayud,Amimir,Zaragoza,casa aljez
Hostal Sara,8.6,40.0,0 estrellas,0 llaves,Villafeliche,Amimir,Zaragoza,sara
Rey Mundo,8.5,62.0,0 estrellas,0 llaves,Munébrega,Amimir,Zaragoza,rey mundo
Borja,8.6,57.0,0 estrellas,0 llaves,Borja,Amimir,Zaragoza,borja
Pension Plaza,7.7,40.0,0 estrellas,0 llaves,Quinto,Amimir,Zaragoza,plaza
La Alcoba De Becquer,8.4,46.0,0 estrellas,0 llaves,Vera de Moncayo,Amimir,Zaragoza,alcoba becquer
Hotel Sauce,9.1,69.0,2 estrellas,0 llaves,Zaragoza,Amimir,Zaragoza,sauce
Hostal Casa Pepe,8.0,35.0,0 estrellas,0 llaves,Tauste,Amimir,Zaragoza,casa pepe
Tierra De Cubas,8.4,75.0,4 estrellas,0 llaves,Cariñena,Amimir,Zaragoza,tierra cubas
Sercotel Plaza Feria Hotel,8.5,70.0,4 estrellas,0 llaves,Zaragoza,Amimir,Zaragoza,sercotel plaza feria
El Molino De La Hiedra,9.0,80.0,0 estrellas,0 llaves,Albeta,Amimir,Zaragoza,molino hiedra
Hiberus,8.7,100.0,4 estrellas,0 llaves,Zaragoza,Amimir,Zaragoza,hiberus
Hotel & Spa Real Ciudad De Zaragoza,7.7,60.0,4 estrellas,0 llaves,Zaragoza,Amimir,Zaragoza,& spa real ciudad
AZ San Valero Boutique Hotel,8.2,68.0,2 estrellas,0 llaves,Zaragoza,Amimir,Zaragoza,az san valero
Hotel Delicias,7.5,60.0,2 estrellas,0 llaves,Zaragoza,Amimir,Zaragoza,delicias
Hotel Rio Arga,8.0,77.0,2 estrellas,0 llaves,Zaragoza,Amimir,Zaragoza,rio arga
Moncayo Rural Rr 44,8.5,129.0,0 estrellas,0 llaves,Vera de Moncayo,Amimir,Zaragoza,moncayo rural rr
B&B Hotel Zaragoza Centro,7.9,56.0,2 estrellas,0 llaves,Zaragoza,Amimir,Zaragoza,b&b centro
Hotel Marivella,7.9,55.0,3 estrellas,0 llaves,Calatayud,Amimir,Zaragoza,marivella
Casa Juani,9.0,218.0,0 estrellas,0 llaves,Ateca,Amimir,Zaragoza,casa juani
Hotel Rural Rincón del Cierzo,8.1,70.0,0 estrellas,0 llaves,Lécera,Amimir,Zaragoza,rural rincon cierzo
Nuevo Apartamento En Calatayud,8.9,122.0,0 estrellas,0 llaves,Calatayud,Amimir,Zaragoza,nuevo
El Pilar A 7 Minutos,8.1,108.0,0 estrellas,0 llaves,Zaragoza,Amimir,Zaragoza,pilar a minutos
El Compromiso,8.5,93.0,0 estrellas,0 llaves,Caspe,Amimir,Zaragoza,compromiso
Apartamento El Portiel,8.4,90.0,0 estrellas,0 llaves,Gotor,Amimir,Zaragoza,portiel
Casa Rural Serafin,8.7,122.0,0 estrellas,0 llaves,Murillo de Gállego,Amimir,Zaragoza,casa rural serafin
Hotel Tierra De Garnacha,6.7,57.0,2 estrellas,0 llaves,Borja,Amimir,Zaragoza,tierra garnacha
Casa Típica Aragonesa.,7.1,276.0,0 estrellas,0 llaves,Caspe,Amimir,Zaragoza,casa tipica aragonesa.
Apartamentos Zaragoza Independencia 3000,9.6,391.0,0 estrellas,0 llaves,Zaragoza,Amimir,Zaragoza,independencia
Cogullada,7.4,60.0,2 estrellas,0 llaves,Zaragoza,Amimir,Zaragoza,cogullada
Apartamento Con Jacuzzi El Rincón De Ayud,8.5,139.0,0 estrellas,0 llaves,Calatayud,Amimir,Zaragoza,con jacuzzi rincon ayud
La Parada,9.3,189.0,0 estrellas,0 llaves,Zaragoza,Amimir,Zaragoza,parada
Apartamento Zaragoza Centro,7.8,245.0,0 estrellas,0 llaves,Zaragoza,Amimir,Zaragoza,centro
Lagarterie Piso Restaurado En El Centro Histórico Parking Gratis Check-in 24 H,6.4,128.0,0 estrellas,0 llaves,Zaragoza,Amimir,Zaragoza,lagarterie piso restaurado
AZ The Botanic Hostel,7.4,22.0,0 estrellas,0 llaves,Zaragoza,Amimir,Zaragoza,az the botanic
Apartamento Plaza España,9.7,250.0,0 estrellas,0 llaves,Zaragoza,Amimir,Zaragoza,plaza españa
Serena Arte,9.0,187.0,0 estrellas,0 llaves,Zaragoza,Amimir,Zaragoza,serena arte
Valeria-dreams San Pablo,8.5,129.0,0 estrellas,0 llaves,Zaragoza,Amimir,Zaragoza,valeria dreams san pablo
El Pilar A 3 Minutos,8.6,96.0,0 estrellas,0 llaves,Zaragoza,Amimir,Zaragoza,pilar a minutos
Apartamentos Rurales Hermanos Alcalá,,155.0,0 estrellas,0 llaves,Ibdes,Amimir,Zaragoza,rurales hermanos alcala
Apartamento Virgenes Eco Friendly,9.1,129.0,0 estrellas,0 llaves,Zaragoza,Amimir,Zaragoza,virgenes eco friendly
El Bc Zaragoza - Aljafería,9.3,144.0,0 estrellas,0 llaves,Zaragoza,Amimir,Zaragoza,bc aljaferia
El Primero G Zaragoza - Aljafería,9.3,135.0,0 estrellas,0 llaves,Zaragoza,Amimir,Zaragoza,primero g aljaferia
Moderno Apartamento En Casco Histórico + Desayuno!,8.7,107.0,0 estrellas,0 llaves,Zaragoza,Amimir,Zaragoza,moderno
Pension Miraflores,7.5,40.0,0 estrellas,0 llaves,Zaragoza,Amimir,Zaragoza,miraflores
Rooftop Alfonso,9.8,300.0,0 estrellas,0 llaves,Zaragoza,Amimir,Zaragoza,rooftop alfonso
Gran Piso Pleno Centro. Plaza Del Pilar + Desayuno,9.2,121.0,0 estrellas,0 llaves,Zaragoza,Amimir,Zaragoza,gran piso pleno centro. plaza pilar + desayuno
Valeria-dreams Maestro Luna,8.3,129.0,0 estrellas,0 llaves,Zaragoza,Amimir,Zaragoza,valeria dreams maestro luna
Az El Balcón De Rey Alfonso I,8.6,97.0,0 estrellas,0 llaves,Zaragoza,Amimir,Zaragoza,az balcon rey alfonso i
Apartamento Zaragoza Centro 2,8.2,235.0,0 estrellas,0 llaves,Zaragoza,Amimir,Zaragoza,centro
Atico Centro Sol Y Vistas,9.6,157.0,0 estrellas,0 llaves,Zaragoza,Amimir,Zaragoza,atico centro sol vistas
Exclusivo Tapas El Tubo Checkin 24h Centro 1,9.4,182.0,0 estrellas,0 llaves,Zaragoza,Amimir,Zaragoza,exclusivo tapas tubo checkin h centro
Check-in 24h Nuevo Único Wifi Familiar Centro 3,9.4,186.0,0 estrellas,0 llaves,Zaragoza,Amimir,Zaragoza,check in h nuevo unico wifi familiar centro
Check-in 24h Plaza España Amplio Centro 4,9.3,186.0,0 estrellas,0 llaves,Zaragoza,Amimir,Zaragoza,check in h plaza españa amplio centro
Fantastica Buhardilla Pz. Pilar,8.9,89.0,0 estrellas,0 llaves,Zaragoza,Amimir,Zaragoza,fantastica buhardilla pz. pilar
Moderno Nuevo Luminoso Wi-fi Plaza Del Pilar 2,9.1,188.0,0 estrellas,0 llaves,Zaragoza,Amimir,Zaragoza,moderno nuevo luminoso wi fi plaza pilar
Apartamento Nolasco,8.7,180.0,0 estrellas,0 llaves,Zaragoza,Amimir,Zaragoza,nolasco
Ático Acogedor Lujoso Check-in 24h Penthouse 5,8.8,183.0,0 estrellas,0 llaves,Zaragoza,Amimir,Zaragoza,atico acogedor lujoso check in h penthouse
Hostal Plaza,8.8,74.0,0 estrellas,0 llaves,Zaragoza,Amimir,Zaragoza,plaza
Apartamento Azabache,9.5,185.0,0 estrellas,0 llaves,Zaragoza,Amimir,Zaragoza,azabache
Apartamento Junto A La Basilica Del Pilar,7.9,130.0,0 estrellas,0 llaves,Zaragoza,Amimir,Zaragoza,junto a basilica pilar
Ático Cierzo Nuevo Duplex Terraza Wifi 1 Br,8.2,180.0,0 estrellas,0 llaves,Zaragoza,Amimir,Zaragoza,atico cierzo nuevo duplex terraza wifi br
Torre Mudejar,8.7,108.0,0 estrellas,0 llaves,Zaragoza,Amimir,Zaragoza,torre mudejar
Apartamento Con Jacuzzi El Rincón De Las Delicias,9.7,156.0,0 estrellas,0 llaves,Zaragoza,Amimir,Zaragoza,con jacuzzi rincon las delicias
Pasarela Almozara Home,9.1,126.0,0 estrellas,0 llaves,Zaragoza,Amimir,Zaragoza,pasarela almozara home
Apartamento Con Vistas Al Pilar Con Aparcamiento Privado,9.2,192.0,0 estrellas,0 llaves,Zaragoza,Amimir,Zaragoza,con vistas al pilar con aparcamiento privado
Casa Goya Vírgenes,8.5,179.0,0 estrellas,0 llaves,Zaragoza,Amimir,Zaragoza,casa goya virgenes
Apartamento Cerca Del Pilar,8.4,144.0,0 estrellas,0 llaves,Zaragoza,Amimir,Zaragoza,cerca pilar
Casa Estébanes 2 Br Premium Familiar 7 Pax,8.7,275.0,0 estrellas,0 llaves,Zaragoza,Amimir,Zaragoza,casa estebanes br premium familiar pax
Apartamento Zaragoza Plaza Europa,8.0,240.0,0 estrellas,0 llaves,Zaragoza,Amimir,Zaragoza,plaza europa
B&B HOTEL Zaragoza Plaza Mozart,8.4,52.0,0 estrellas,0 llaves,Zaragoza,Amimir,Zaragoza,b&b plaza mozart
Hostal Puente De Piedra,8.6,35.0,0 estrellas,0 llaves,Zaragoza,Amimir,Zaragoza,puente piedra
La Parada De La Estacion Con Parking,9.6,198.0,0 estrellas,0 llaves,Zaragoza,Amimir,Zaragoza,parada estacion con parking
Zaragoza Y Sus 2 Catedrales,8.6,98.0,0 estrellas,0 llaves,Zaragoza,Amimir,Zaragoza,sus catedrales
Casa Augusta Renovada Centro Histórico 5 Pax,,205.0,0 estrellas,0 llaves,Zaragoza,Amimir,Zaragoza,casa augusta renovada centro historico pax
Loft Loarre Estudio Premium Renovado 5 Pax,8.3,141.0,0 estrellas,0 llaves,Zaragoza,Amimir,Zaragoza,loft loarre estudio premium renovado pax
Precioso Piso-apartamento En Barrio De Zaragoza,7.9,59.0,0 estrellas,0 llaves,Zaragoza,Amimir,Zaragoza,precioso piso
Apartamento Zaragoza Picarral,8.6,235.0,0 estrellas,0 llaves,Zaragoza,Amimir,Zaragoza,picarral
Casa Cosmos Arcade Wifi 4 Huéspedes,,225.0,0 estrellas,0 llaves,Zaragoza,Amimir,Zaragoza,casa cosmos arcade wifi huespedes
Hotel Monumento Almenara de Copau,9.1,143.0,0 estrellas,0 llaves,Zaragoza,Amimir,Zaragoza,monumento almenara copau
Inmejorable Apartamento Cerca Estación Delicias Con Garaje,8.5,315.0,0 estrellas,0 llaves,Zaragoza,Amimir,Zaragoza,inmejorable cerca estacion delicias con garaje
Rnr Bednbreakfast,8.6,40.0,0 estrellas,0 llaves,Caspe,Amimir,Zaragoza,rnr bednbreakfast
Ático Alfonso Amplio Céntrico Renovado 10 Pax,,230.0,0 estrellas,0 llaves,Zaragoza,Amimir,Zaragoza,atico alfonso amplio centrico renovado pax
Valeria Dreams - Maestro Luna 4º,,129.0,0 estrellas,0 llaves,Zaragoza,Amimir,Zaragoza,valeria dreams maestro luna º
"Valeria-dreams Maestro Luna 5,2º",,129.0,0 estrellas,0 llaves,Zaragoza,Amimir,Zaragoza,valeria dreams maestro luna º
La Parada De Sant Domingo 2,,234.0,0 estrellas,0 llaves,Zaragoza,Amimir,Zaragoza,parada sant domingo
La Casa De Invitados,8.1,89.0,0 estrellas,0 llaves,Zaragoza,Amimir,Zaragoza,casa invitados
Casa Jesús Ps5 Juegos Niños Wifi 6 Pax,9.2,217.0,0 estrellas,0 llaves,Zaragoza,Amimir,Zaragoza,casa jesus ps juegos niños wifi pax
La Casa Contenedor,7.4,96.0,0 estrellas,0 llaves,Zaragoza,Amimir,Zaragoza,casa contenedor
Apartamentos Zaragoza Reconquista 3000,8.7,105.0,0 estrellas,0 llaves,Zaragoza,Amimir,Zaragoza,reconquista
Villa Sa Calma,9.3,750.0,0 estrellas,0 llaves,Zaragoza,Amimir,Zaragoza,sa calma
Eurostars Zaragoza,8.4,58.0,4,,Zaragoza,Booking,Zaragoza,eurostars
Hotel Gran Via,8.2,60.0,3,,"Centro, Zaragoza",Booking,Zaragoza,gran via
Hostal Puente de Piedra,8.3,35.0,3,,Zaragoza,Booking,Zaragoza,puente piedra
Exe Boston,8.3,76.0,4,,"Centro histórico, Zaragoza",Booking,Zaragoza,exe boston
B&B HOTEL Zaragoza Royal,7.6,53.0,3,,"Centro, Zaragoza",Booking,Zaragoza,b&b royal
Hotel Delicias,7.8,60.0,2,,"Delicias, Zaragoza",Booking,Zaragoza,delicias
Hotel Diagonal Plaza,8.7,81.0,4,,Zaragoza,Booking,Zaragoza,diagonal plaza
Hotel Inca,8.7,62.0,3,,"Centro histórico, Zaragoza",Booking,Zaragoza,inca
NH Collection Gran Hotel de Zaragoza,8.8,114.0,4,,"Centro histórico, Zaragoza",Booking,Zaragoza,nh collection gran
Exe Zaragoza WTC,8.8,89.0,3,,Zaragoza,Booking,Zaragoza,exe wtc
Ilunion Romareda,8.8,85.0,4,,"Romareda, Zaragoza",Booking,Zaragoza,ilunion romareda
Eurostars Rey Fernando,8.6,71.0,4,,Zaragoza,Booking,Zaragoza,eurostars rey fernando
Silken Reino de Aragón,8.7,135.0,4,,"Centro histórico, Zaragoza",Booking,Zaragoza,silken reino aragon
VTZ The Orus Factory Hotel - Parking Muy Económico,7.9,60.0,2,,"Delicias, Zaragoza",Booking,Zaragoza,vtz the orus factory parking muy economico
VTZ Hotel El Príncipe,7.9,74.0,3,,"Centro histórico, Zaragoza",Booking,Zaragoza,vtz principe
Hotel Don Jaime 54,8.4,62.0,3,,"Centro histórico, Zaragoza",Booking,Zaragoza,don jaime
VTZ Hotel San Valero,8.3,68.0,2,,"Centro histórico, Zaragoza",Booking,Zaragoza,vtz san valero
Hotel Sauce,9.0,69.0,2,,"Centro histórico, Zaragoza",Booking,Zaragoza,sauce
Hotel Goya,7.9,110.0,4,,"Centro histórico, Zaragoza",Booking,Zaragoza,goya
Aparthotel Los Girasoles,8.8,89.0,4,,"Centro histórico, Zaragoza",Booking,Zaragoza,girasoles
Sercotel Plaza Feria,8.4,89.0,4,,Zaragoza,Booking,Zaragoza,sercotel plaza feria
VTZ The Botanic Hostel,7.4,23.0,0,,"Centro histórico, Zaragoza",Booking,Zaragoza,vtz the botanic
Hotel YIT Ciudad De Zaragoza,7.7,59.0,3,,Zaragoza,Booking,Zaragoza,yit ciudad
Hotel Hiberus,8.6,131.0,4,,Zaragoza,Booking,Zaragoza,hiberus
Hotel Alfonso,8.5,146.0,4,,"Centro histórico, Zaragoza",Booking,Zaragoza,alfonso
Hotel & Spa Real Ciudad De Zaragoza,8.2,68.0,4,,Zaragoza,Booking,Zaragoza,& spa real ciudad
Hesperia Zaragoza Centro,8.2,77.0,3,,"Centro histórico, Zaragoza",Booking,Zaragoza,hesperia centro
VTZ Hotel Plaza España,8.3,69.0,2,,"Centro histórico, Zaragoza",Booking,Zaragoza,vtz plaza españa
Hotel Zentral Ave,8.8,92.0,4,,Zaragoza,Booking,Zaragoza,zentral ave
Exe Plaza Delicias,8.6,77.0,3,,"Delicias, Zaragoza",Booking,Zaragoza,exe plaza delicias
Hostal Arenal,7.2,40.0,3,,"Romareda, Zaragoza",Booking,Zaragoza,arenal
Hotel Reina Petronila,8.6,182.0,5,,"Romareda, Zaragoza",Booking,Zaragoza,reina petronila
Hotel Cogullada,7.2,60.0,2,,Zaragoza,Booking,Zaragoza,cogullada
NH Ciudad de Zaragoza,8.6,114.0,4,,"Centro histórico, Zaragoza",Booking,Zaragoza,nh ciudad
Hotel Rio Arga,8.0,77.0,2,,"Centro histórico, Zaragoza",Booking,Zaragoza,rio arga
Vincci Zaragoza Zentro,8.6,131.0,4,,"Centro histórico, Zaragoza",Booking,Zaragoza,vincci zentro
B&B HOTEL Zaragoza Los Enlaces Estación,8.5,68.0,4,,Zaragoza,Booking,Zaragoza,b&b enlaces estacion
B&B HOTEL Zaragoza Plaza Mozart,8.1,57.0,0,,Zaragoza,Booking,Zaragoza,b&b plaza mozart
Catalonia El Pilar,9.0,150.0,4,,"Centro histórico, Zaragoza",Booking,Zaragoza,catalonia pilar
Hostal Plaza Boutique - Solo adultos,8.7,75.0,0,,"Centro histórico, Zaragoza",Booking,Zaragoza,plaza solo adultos
Casa Palacio de los Sitios,8.7,70.0,4,,"Centro histórico, Zaragoza",Booking,Zaragoza,casa palacio sitios
NH Sport,8.3,62.0,3,,"Delicias, Zaragoza",Booking,Zaragoza,nh sport
Hotel Tibur,8.0,77.0,3,,"Centro histórico, Zaragoza",Booking,Zaragoza,tibur
Ibis Styles Zaragoza Centro,8.3,74.0,3,,"Centro histórico, Zaragoza",Booking,Zaragoza,ibis styles centro
Hotel Palafox,8.6,186.0,5,,"Centro histórico, Zaragoza",Booking,Zaragoza,palafox
INNSiDE by Meliá Zaragoza,8.7,130.0,4,,"Centro histórico, Zaragoza",Booking,Zaragoza,innside
Silken Casa Platerias Siglo XV,8.9,99.0,4,,"Centro histórico, Zaragoza",Booking,Zaragoza,silken casa platerias siglo xv
Hotel Oriente,8.5,88.0,3,,"Centro histórico, Zaragoza",Booking,Zaragoza,oriente
Cesaraugusta,7.9,77.0,3,,"Centro, Zaragoza",Booking,Zaragoza,cesaraugusta
B&B HOTEL Zaragoza Centro,8.4,68.0,2,,"Arrabal, Zaragoza",Booking,Zaragoza,b&b centro
Hotel Hispania,8.0,65.0,2,,"Centro histórico, Zaragoza",Booking,Zaragoza,hispania
Precioso piso-apartamento en barrio de Zaragoza,8.0,60.0,3,,Zaragoza,Booking,Zaragoza,precioso piso
PENSION MIRAFLORES,7.7,40.0,0,,"Centro, Zaragoza",Booking,Zaragoza,miraflores
Apartamentos Zaragoza Gran Vía 3000,9.0,120.0,4,,"Centro, Zaragoza",Booking,Zaragoza,gran via
Habitacion E,6.3,35.0,0,,"Delicias, Zaragoza",Booking,Zaragoza,habitacion e
EXCLUSIVO TAPAS EL TUBO CHECKIN 24H Centro 1,9.4,157.0,4,,"Centro histórico, Zaragoza",Booking,Zaragoza,exclusivo tapas tubo checkin h centro
Atico Centro Sol y Vistas,9.4,157.0,4,,"Centro histórico, Zaragoza",Booking,Zaragoza,atico centro sol vistas
Finca Almenara de Copau,9.0,131.0,0,,Zaragoza,Booking,Zaragoza,finca almenara copau
Apartamento con Jacuzzi El Rincón de las Delicias,9.6,156.0,4,,Zaragoza,Booking,Zaragoza,con jacuzzi rincon las delicias
VALERIA DREAMS - Maestro Luna 4º,8.8,129.0,3,,"Centro histórico, Zaragoza",Booking,Zaragoza,valeria dreams maestro luna º
Apartamento Virgenes Eco friendly,8.9,130.0,3,,"Centro histórico, Zaragoza",Booking,Zaragoza,virgenes eco friendly
Apartamento Azabache,9.6,185.0,4,,"Romareda, Zaragoza",Booking,Zaragoza,azabache
ÁTICO ACOGEDOR LUJOSO CHECK-IN 24H PENTHOUSE 5 Planta 5,8.9,157.0,4,,"Centro histórico, Zaragoza",Booking,Zaragoza,atico acogedor lujoso check in h penthouse planta
Apartamento Con Vistas Al Pilar con Aparcamiento privado,9.2,192.0,4,,"Arrabal, Zaragoza",Booking,Zaragoza,con vistas al pilar con aparcamiento privado
La Parada de la Estacion con parking,9.4,198.0,4,,"Delicias, Zaragoza",Booking,Zaragoza,parada estacion con parking
CHECK-IN 24H NUEVO Único WIFI FAMILIAR Centro Planta 3,9.2,161.0,4,,"Centro histórico, Zaragoza",Booking,Zaragoza,check in h nuevo unico wifi familiar centro planta
"Piso en el Centro de Zaragoza, Parking GRATIS, Check-in 24h",6.2,129.0,3,,"Centro histórico, Zaragoza",Booking,Zaragoza,piso
MODERNO NUEVO Luminoso WI-FI PLAZA DEL PILAR 2,9.0,162.0,4,,"Centro histórico, Zaragoza",Booking,Zaragoza,moderno nuevo luminoso wi fi plaza pilar
La Parada Santo Domingo 1,9.3,186.0,4,,"Centro histórico, Zaragoza",Booking,Zaragoza,parada santo domingo
Check-in 24H PLAZA ESPAÑA AMPLIO Centro planta 4,9.1,161.0,4,,"Centro histórico, Zaragoza",Booking,Zaragoza,check in h plaza españa amplio centro planta
Apartamento Plaza España,9.5,250.0,4,,"Centro histórico, Zaragoza",Booking,Zaragoza,plaza españa
Apartamentos Zaragoza Independencia 3000,9.8,468.0,3,,"Centro histórico, Zaragoza",Booking,Zaragoza,independencia
VILLA SA CALMA,9.5,713.0,4,,Zaragoza,Booking,Zaragoza,sa calma
Centro De Zaragoza Precio noche 2 o 3 personas,1.8,23.0,0,,"Centro histórico, Zaragoza",Booking,Zaragoza,centro precio noche o personas
Albergue Zaragoza Camping,7.4,23.0,0,,Zaragoza,Booking,Zaragoza,albergue camping
FANTASTICA BUHARDILLA PZ. PILAR,8.7,89.0,4,,"Centro histórico, Zaragoza",Booking,Zaragoza,fantastica buhardilla pz. pilar
Martita Home,9.2,111.0,3,,Zaragoza,Booking,Zaragoza,martita home
PASARELA ALMOZARA HOME & Parking gratis,9.3,126.0,3,,Zaragoza,Booking,Zaragoza,pasarela almozara home & parking gratis
El BC Zaragoza - Aljafería,9.3,144.0,4,,Zaragoza,Booking,Zaragoza,bc aljaferia
Moderno apartamento en casco histórico + desayuno!,8.6,108.0,3,,"Centro histórico, Zaragoza",Booking,Zaragoza,moderno
Torre mudejar,8.5,108.0,3,,"Centro histórico, Zaragoza",Booking,Zaragoza,torre mudejar
Loft Loarre Estudio Premium Renovado 5 Pax,8.2,129.0,3,,"Centro histórico, Zaragoza",Booking,Zaragoza,loft loarre estudio premium renovado pax
Apartamentos Basilicus,8.6,149.0,4,,"Centro histórico, Zaragoza",Booking,Zaragoza,basilicus
Suite Estébanes,9.0,138.0,0,,"Centro histórico, Zaragoza",Booking,Zaragoza,estebanes
LA CASA DE INVITADOS,8.0,89.0,0,,Zaragoza,Booking,Zaragoza,casa invitados
Apartamentos Zaragoza Suites El Pilar 3000,8.0,114.0,3,,Zaragoza,Booking,Zaragoza,pilar
"VALERIA-DREAMS Maestro luna 5,2º",8.7,129.0,0,,"Centro histórico, Zaragoza",Booking,Zaragoza,valeria dreams maestro luna º
VTZ El Balcón de Rey Alfonso I,8.6,97.0,4,,"Centro histórico, Zaragoza",Booking,Zaragoza,vtz balcon rey alfonso i
Gran piso pleno centro. Plaza del Pilar + Desayuno,9.1,121.0,3,,"Centro histórico, Zaragoza",Booking,Zaragoza,gran piso pleno centro. plaza pilar + desayuno
Apartamento junto a la Basilica del Pilar,8.0,130.0,4,,"Centro histórico, Zaragoza",Booking,Zaragoza,junto a basilica pilar
Apartamento cerca del Pilar,8.5,145.0,4,,"Arrabal, Zaragoza",Booking,Zaragoza,cerca pilar
El pilar a 3 minutos,8.7,97.0,3,,"Centro histórico, Zaragoza",Booking,Zaragoza,pilar a minutos
El pilar a 7 minutos,8.2,108.0,3,,"Centro histórico, Zaragoza",Booking,Zaragoza,pilar a minutos
LA CASA CONTENEDOR,7.8,91.0,0,,Zaragoza,Booking,Zaragoza,casa contenedor
Zaragoza y sus 2 catedrales,8.7,98.0,4,,Zaragoza,Booking,Zaragoza,sus catedrales
Apartamento cerca Plaza Pilar,8.9,112.0,3,,Zaragoza,Booking,Zaragoza,cerca plaza pilar
El Primero G Zaragoza - Aljafería,9.2,135.0,4,,Zaragoza,Booking,Zaragoza,primero g aljaferia
Rooftop Alfonso,9.8,300.0,4,,"Centro histórico, Zaragoza",Booking,Zaragoza,rooftop alfonso
Habitación para 2 o 3 personas noche 25,2.3,23.0,0,,"Centro histórico, Zaragoza",Booking,Zaragoza,habitacion para o personas noche
Ático Alfonso Amplio Céntrico Renovado 10 Pax,9.4,208.0,3,,"Centro histórico, Zaragoza",Booking,Zaragoza,atico alfonso amplio centrico renovado pax
LOS SITIOS,8.7,140.0,3,,"Centro histórico, Zaragoza",Booking,Zaragoza,sitios
Origen Sacramento Deluxe,9.3,185.0,0,,"Centro, Zaragoza",Booking,Zaragoza,origen sacramento deluxe
VALERIA-DREAMS Maestro Luna 3º,8.2,129.0,4,,"Centro histórico, Zaragoza",Booking,Zaragoza,valeria dreams maestro luna º
Serena Arte,9.3,187.0,4,,"Centro histórico, Zaragoza",Booking,Zaragoza,serena arte
VALERIA DREAMS-Mártires 3ºB,8.6,110.0,3,,"Centro histórico, Zaragoza",Booking,Zaragoza,valeria dreams martires ºb
Casa Goya Vírgenes,7.7,179.0,3,,"Centro histórico, Zaragoza",Booking,Zaragoza,casa goya virgenes
La Parada,9.4,189.0,4,,"Centro histórico, Zaragoza",Booking,Zaragoza,parada
El Rincon de las torres,6.8,57.0,0,,Zaragoza,Booking,Zaragoza,rincon las torres
Balloon House Casco Antiguo WiFi 4 Pax Nespresso,6.0,199.0,4,,"Centro histórico, Zaragoza",Booking,Zaragoza,balloon house casco antiguo wifi pax nespresso
Apartamento El Olivo,9.5,120.0,3,,"Centro histórico, Zaragoza",Booking,Zaragoza,olivo
Casa Cosmos Arcade WiFi 4 Huéspedes,8.4,206.0,4,,"Centro histórico, Zaragoza",Booking,Zaragoza,casa cosmos arcade wifi huespedes
Villa Forest Ideal Familias Casco Histórico Balcón,7.1,226.0,3,,"Centro histórico, Zaragoza",Booking,Zaragoza,forest ideal familias casco historico balcon
Ático Cierzo Nuevo Duplex Terraza WiFi 1 BR,8.0,166.0,3,,"Centro histórico, Zaragoza",Booking,Zaragoza,atico cierzo nuevo duplex terraza wifi br
Suite Seo Centro 8 Pax Familiar 3 Dormitorios,8.1,297.0,3,,"Centro histórico, Zaragoza",Booking,Zaragoza,seo centro pax familiar dormitorios
Habitación F,5.6,48.0,0,,"Delicias, Zaragoza",Booking,Zaragoza,habitacion f
Apartamento Zaragoza Plaza Europa,8.3,224.0,4,,Zaragoza,Booking,Zaragoza,plaza europa
Apartamentos Zaragoza Reconquista 3000,8.7,137.0,3,,"Centro histórico, Zaragoza",Booking,Zaragoza,reconquista
Casa Jesús PS5 Juegos Niños WiFi 6 Pax,8.9,199.0,3,,Zaragoza,Booking,Zaragoza,casa jesus ps juegos niños wifi pax
Casa Augusta Renovada Centro Histórico 5 Pax,7.8,187.0,3,,"Centro histórico, Zaragoza",Booking,Zaragoza,casa augusta renovada centro historico pax
La parada de San Domingo 2,9.9,234.0,4,,"Centro histórico, Zaragoza",Booking,Zaragoza,parada san domingo
Apartamento Nolasco,8.8,180.0,3,,"Centro histórico, Zaragoza",Booking,Zaragoza,nolasco
Atico Ordesa Barbacoa Terraza WiFi 4 Pax Ascensor,8.0,203.0,4,,"Centro histórico, Zaragoza",Booking,Zaragoza,atico ordesa barbacoa terraza wifi pax ascensor
Apartamento Boston,9.3,450.0,0,,Zaragoza,Booking,Zaragoza,boston
VALERIA-DREAMS San Pablo,8.0,129.0,4,,"Centro histórico, Zaragoza",Booking,Zaragoza,valeria dreams san pablo
The Green House,9.0,89.0,4,,"Centro, Zaragoza",Booking,Zaragoza,the green house
Casa Estébanes 2 BR Premium Familiar 7 Pax,9.0,251.0,4,,"Centro histórico, Zaragoza",Booking,Zaragoza,casa estebanes br premium familiar pax
VALERIA DREAMS-Mártires 3ºA - EL TUBO,6.7,129.0,3,,"Centro histórico, Zaragoza",Booking,Zaragoza,valeria dreams martires ºa tubo
Apartamento Zaragoza Centro,7.9,245.0,4,,"Delicias, Zaragoza",Booking,Zaragoza,centro
Exclusivo Loft en Zaragoza-1,,153.0,0,,Zaragoza,Booking,Zaragoza,exclusivo loft
Apartamento Zaragoza Picarral,8.3,235.0,4,,Zaragoza,Booking,Zaragoza,picarral
Pensión Iglesias,6.3,1.0,1,,"Centro histórico, Zaragoza",Booking,Zaragoza,iglesias
Apartamento Zaragoza Centro 2,8.1,219.0,4,,Zaragoza,Booking,Zaragoza,centro
"Alto standing, céntrico, ideal alquiler corporativo Parking",,363.0,4,,"Centro, Zaragoza",Booking,Zaragoza,alto standing centrico ideal alquiler corporativo parking
Inmejorable Apartamento cerca Estación Delicias con GARAJE,8.7,315.0,4,,"Delicias, Zaragoza",Booking,Zaragoza,inmejorable cerca estacion delicias con garaje
Palacio de Larrinaga,9.3,1.05,4,,Zaragoza,Booking,Zaragoza,palacio larrinaga
Pilares Zaragoza,2.0,100.0,0,,Zaragoza,Booking,Zaragoza,pilares
 Hotel Don Jaime 54,4.3,60.0,4,,"Zaragoza Old Town, Zaragoza ·  0.45 km from city centre",Edreams,Zaragoza,don jaime
 Eurostars Rey Fernando,4.0,57.0,4,,Zaragoza ·  8.46 km from city centre,Edreams,Zaragoza,eurostars rey fernando
 Eurostars Zaragoza,3.5,57.0,4,,"La Almozara, Zaragoza ·  2.39 km from city centre",Edreams,Zaragoza,eurostars
 Paris Centro,3.1,46.0,2,,"San Pablo, Zaragoza ·  0.51 km from city centre",Edreams,Zaragoza,paris centro
 Exe Boston,3.5,69.0,4,,"La Magdalena, Zaragoza ·  0.83 km from city centre",Edreams,Zaragoza,exe boston
 Hotel Pilar Plaza,3.8,60.0,3,,"Zaragoza Old Town, Zaragoza ·  0.55 km from city centre",Edreams,Zaragoza,pilar plaza
 Hotel YIT Ciudad de Zaragoza​​​​​​​,3.3,64.0,3,,Zaragoza ·  3.05 km from city centre,Edreams,Zaragoza,yit ciudad ​​​​​​​
 Hotel Cesaraugusta,3.4,60.0,3,,"Delicias, Zaragoza ·  1.11 km from city centre",Edreams,Zaragoza,cesaraugusta
 Hotel Silken Reino de Aragón,4.0,99.0,4,,"Zaragoza Old Town, Zaragoza ·  0.20 km from city centre",Edreams,Zaragoza,silken reino aragon
 Hotel Inca,3.9,68.0,3,,"Zaragoza Old Town, Zaragoza ·  0.39 km from city centre",Edreams,Zaragoza,inca
 Catalonia El Pilar,4.5,100.0,4,,"Zaragoza Old Town, Zaragoza ·  0.45 km from city centre",Edreams,Zaragoza,catalonia pilar
 Hotel & Spa Real Ciudad De Zaragoza,3.7,62.0,4,,Zaragoza ·  8.05 km from city centre,Edreams,Zaragoza,& spa real ciudad
 Hotel Goya,3.4,89.0,4,,"Zaragoza Old Town, Zaragoza ·  0.13 km from city centre",Edreams,Zaragoza,goya
 Hotel Hiberus,4.1,82.0,4,,"La Almozara, Zaragoza ·  2.44 km from city centre",Edreams,Zaragoza,hiberus
 Zentral Ave,4.4,89.0,4,,"La Almozara, Zaragoza ·  2.42 km from city centre",Edreams,Zaragoza,zentral ave
 NH Sport,3.8,49.0,3,,"Delicias, Zaragoza ·  1.22 km from city centre",Edreams,Zaragoza,nh sport
 B&B Hotel Zaragoza Royal,,62.0,3,,"Zaragoza Centro, Zaragoza ·  0.94 km from city centre",Edreams,Zaragoza,b&b royal
 NH Collection Gran Hotel de Zaragoza,4.4,98.0,4,,"Zaragoza Old Town, Zaragoza ·  0.37 km from city centre",Edreams,Zaragoza,nh collection gran
 Vincci Zaragoza Zentro,4.1,127.0,4,,"Zaragoza Old Town, Zaragoza ·  0.30 km from city centre",Edreams,Zaragoza,vincci zentro
 Hotel Palafox,4.0,135.0,5,,"Zaragoza Old Town, Zaragoza ·  0.41 km from city centre",Edreams,Zaragoza,palafox
 B&B Hotel Zaragoza Plaza Mozart,3.9,63.0,0,,"La Jota, Zaragoza ·  1.75 km from city centre",Edreams,Zaragoza,b&b plaza mozart
 Eurostars Plaza Delicias,3.7,65.0,3,,"Delicias, Zaragoza ·  2.88 km from city centre",Edreams,Zaragoza,eurostars plaza delicias
 Hotel Oriente,3.9,87.0,3,,"Zaragoza Old Town, Zaragoza ·  0.19 km from city centre",Edreams,Zaragoza,oriente
 U Hotel Villa - Gomá,3.3,101.0,3,,"Romareda, Zaragoza ·  2.64 km from city centre",Edreams,Zaragoza,u goma
 NH Ciudad de Zaragoza,4.3,114.0,4,,"Zaragoza Old Town, Zaragoza ·  0.61 km from city centre",Edreams,Zaragoza,nh ciudad
 Exe Zaragoza WTC,4.3,65.0,4,,"Actur, Zaragoza ·  1.89 km from city centre",Edreams,Zaragoza,exe wtc
 ibis Styles Zaragoza Ramiro I,3.7,98.0,3,,"La Magdalena, Zaragoza ·  0.52 km from city centre",Edreams,Zaragoza,ibis styles ramiro i
 Hotel Diagonal Plaza,4.3,72.0,4,,Zaragoza ·  9.50 km from city centre,Edreams,Zaragoza,diagonal plaza
 Hotel Río Arga,3.7,72.0,2,,"Zaragoza Old Town, Zaragoza ·  0.29 km from city centre",Edreams,Zaragoza,rio arga
 Tibur,3.3,77.0,3,,"Zaragoza Old Town, Zaragoza ·  0.49 km from city centre",Edreams,Zaragoza,tibur
 Sercotel Plaza Feria,3.8,79.0,4,,Zaragoza ·  9.31 km from city centre,Edreams,Zaragoza,sercotel plaza feria
 Reina Petronila,4.3,137.0,5,,"Romareda, Zaragoza ·  2.73 km from city centre",Edreams,Zaragoza,reina petronila
 Hotel Alfonso,4.1,139.0,4,,"Zaragoza Old Town, Zaragoza ·  0.17 km from city centre",Edreams,Zaragoza,alfonso
 Hotel Avenida,4.0,104.0,3,,"San Pablo, Zaragoza ·  0.44 km from city centre",Edreams,Zaragoza,avenida
 Hotel ILUNION Romareda,4.1,99.0,4,,"Romareda, Zaragoza ·  2.52 km from city centre",Edreams,Zaragoza,ilunion romareda
 INNSiDE by Meliá Zaragoza,4.5,125.0,4,,"San Pablo, Zaragoza ·  0.43 km from city centre",Edreams,Zaragoza,innside
 Hotel Monumento Almenara de Copau,4.1,144.0,3,,Zaragoza ·  9.05 km from city centre,Edreams,Zaragoza,monumento almenara copau
 VTZ Hotel El Príncipe,3.0,96.0,3,,"Zaragoza Old Town, Zaragoza ·  0.39 km from city centre",Edreams,Zaragoza,vtz principe
 Casa Palacios de los Sitios,4.1,180.0,2,,"La Magdalena, Zaragoza ·  0.69 km from city centre",Edreams,Zaragoza,casa palacios sitios
 Apartamentos Zaragoza Suites El Pilar 3000,,2.7,0,,"Actur, Zaragoza ·  2.70 km from city centre",Edreams,Zaragoza,pilar
